6.4490743,6.3528275,6.22792,6.3528275,766.8313,761.37836,752.29144,761.37836,0
6.784492,5.93427,5.528336,6.197329,777.4445,719.78687,638.026,749.6819,3
6.2587695,6.107143,5.720644,5.824933,754.7641,741.01355,683.2939,702.7006,3
6.22792,6.3212266,6.107143,5.9064775,752.29144,759.3054,741.01355,715.7357,9
6.784492,6.3212266,6.4167547,6.3212266,777.4445,759.3054,765.139,759.3054,2
5.798377,6.107143,5.878988,5.878988,698.0637,741.01355,711.53735,711.53735,5
5.9623604,6.197329,6.107143,5.851805,723.6907,749.6819,741.01355,707.19226,8
6.2898726,6.22792,5.9623604,5.5511303,757.10144,752.29144,723.6907,644.1131,4
6.22792,5.9064775,5.851805,6.514407,752.29144,715.7357,707.19226,769.85187,9
5.9623604,5.5978084,5.5059104,5.9623604,723.6907,655.9404,631.8301,723.6907,8
6.3212266,5.851805,5.7462277,5.9064775,759.3054,707.19226,688.3587,715.7357,2
5.878988,5.4621844,5.2848697,5.77214,711.53735,619.13385,558.3614,693.2828,8
6.75,6.2587695,6.22792,6.4167547,776.8614,754.7641,752.29144,765.139,6
6.3212266,5.6704793,5.93427,5.528336,759.3054,672.74994,719.78687,638.026,2
6.077623,5.851805,6.048381,6.3212266,737.83954,707.19226,734.52106,759.3054,4
6.1369367,6.01942,5.6216826,6.2898726,744.0445,731.0573,661.6717,757.10144,9
6.22792,5.9907455,5.9623604,6.2587695,752.29144,727.4474,723.6907,754.7641,8
6.3528275,6.01942,5.824933,6.22792,761.37836,731.0573,702.7006,752.29144,5
6.3528275,6.5474133,6.197329,6.167,761.37836,771.1848,749.6819,746.9334,7
6.681627,6.514407,6.4490743,6.75,775.3944,769.85187,766.8313,776.8614,2
6.9955344,6.01942,6.048381,6.681627,779.0013,731.0573,734.52106,775.3944,1
6.5474133,5.824933,5.9064775,6.197329,771.1848,702.7006,715.7357,749.6819,2
6.681627,5.798377,5.77214,6.048381,775.3944,698.0637,693.2828,734.52106,3
6.1369367,5.9907455,5.9064775,5.878988,744.0445,727.4474,715.7357,711.53735,0
6.4490743,5.878988,6.2587695,6.107143,766.8313,711.53735,754.7641,741.01355,2
6.614089,6.614089,6.5474133,6.3846717,773.5091,773.5091,771.1848,763.3221,9
6.077623,5.798377,5.720644,5.878988,737.83954,698.0637,683.2939,711.53735,9
6.4490743,6.784492,6.3846717,5.9907455,766.8313,777.4445,763.3221,727.4474,4
6.481626,6.3846717,6.4490743,6.2898726,768.4015,763.3221,766.8313,757.10144,3
6.3846717,6.4490743,6.167,5.9623604,763.3221,766.8313,746.9334,723.6907,8
6.077623,6.5806417,6.01942,5.7462277,737.83954,772.40314,731.0573,688.3587,9
5.9623604,6.9955344,6.2587695,5.6704793,723.6907,779.0013,754.7641,672.74994,7
6.077623,6.167,5.9907455,5.824933,737.83954,746.9334,727.4474,702.7006,3
6.197329,5.528336,5.359642,5.9623604,749.6819,638.026,585.9245,723.6907,2
6.22792,5.5978084,5.4621844,5.851805,752.29144,655.9404,619.13385,707.19226,2
6.22792,5.9623604,6.2587695,5.9064775,752.29144,723.6907,754.7641,715.7357,5
6.3528275,5.77214,5.6216826,5.9623604,761.37836,693.2828,661.6717,723.6907,3
5.93427,5.695393,5.7462277,5.30294,719.78687,678.0901,688.3587,565.29987,2
6.2898726,5.321429,5.4621844,6.4490743,757.10144,572.2129,619.13385,766.8313,8
6.4167547,6.4167547,6.22792,5.7462277,765.139,765.139,752.29144,688.3587,9
6.4167547,5.878988,6.048381,6.2587695,765.139,711.53735,734.52106,754.7641,9
5.9623604,6.22792,6.3846717,5.528336,723.6907,752.29144,763.3221,638.026,3
5.9623604,5.798377,6.167,5.77214,723.6907,698.0637,746.9334,693.2828,2
6.107143,6.3528275,6.3212266,5.9907455,741.01355,761.37836,759.3054,727.4474,8
6.3212266,6.1369367,5.93427,5.9623604,759.3054,744.0445,719.78687,723.6907,3
6.481626,6.077623,6.048381,6.3212266,768.4015,737.83954,734.52106,759.3054,7
6.514407,5.878988,5.77214,6.2898726,769.85187,711.53735,693.2828,757.10144,2
6.681627,5.93427,5.798377,6.107143,775.3944,719.78687,698.0637,741.01355,3
6.8891554,6.22792,6.107143,6.681627,778.6235,752.29144,741.01355,775.3944,1
6.3846717,5.9907455,6.01942,6.2587695,763.3221,727.4474,731.0573,754.7641,4
6.6477513,5.5978084,5.440893,6.1369367,774.5054,655.9404,612.6458,744.0445,3
5.720644,6.22792,5.4621844,5.440893,683.2939,752.29144,619.13385,612.6458,7
6.71571,6.614089,6.854073,6.5806417,776.1789,773.5091,778.32294,772.40314,2
6.481626,6.4167547,6.077623,6.048381,768.4015,765.139,737.83954,734.52106,9
6.197329,6.514407,6.854073,5.6216826,749.6819,769.85187,778.32294,661.6717,6
5.77214,6.1369367,5.9623604,5.7462277,693.2828,744.0445,723.6907,688.3587,5
5.878988,6.514407,6.2898726,5.7462277,711.53735,769.85187,757.10144,688.3587,8
6.5474133,6.22792,6.2587695,6.2898726,771.1848,752.29144,754.7641,757.10144,8
6.8891554,6.681627,6.3528275,6.514407,778.6235,775.3944,761.37836,769.85187,1
6.614089,6.71571,6.514407,6.1369367,773.5091,776.1789,769.85187,744.0445,4
6.614089,6.1369367,6.22792,6.1369367,773.5091,744.0445,752.29144,744.0445,2
6.2587695,6.048381,6.1369367,6.3528275,754.7641,734.52106,744.0445,761.37836,0
6.9955344,5.824933,5.9064775,6.8891554,779.0013,702.7006,715.7357,778.6235,1
6.3212266,6.167,6.048381,6.3846717,759.3054,746.9334,734.52106,763.3221,0
6.2898726,6.4167547,6.2587695,6.167,757.10144,765.139,754.7641,746.9334,8
6.107143,5.6216826,5.6704793,6.107143,741.01355,661.6717,672.74994,741.01355,8
5.9623604,5.695393,5.878988,5.720644,723.6907,678.0901,711.53735,683.2939,0
6.9955344,5.4838586,5.824933,5.9064775,779.0013,625.5307,702.7006,715.7357,2
6.2898726,6.924428,6.197329,6.01942,757.10144,778.835,749.6819,731.0573,7
6.9955344,6.4490743,6.2587695,6.5474133,779.0013,766.8313,754.7641,771.1848,1
6.3528275,6.2898726,6.3212266,5.824933,761.37836,757.10144,759.3054,702.7006,4
6.9955344,6.9955344,6.6477513,6.614089,779.0013,779.0013,774.5054,773.5091,1
6.5474133,6.481626,6.514407,6.107143,771.1848,768.4015,769.85187,741.01355,2
5.9907455,6.2898726,6.077623,5.7462277,727.4474,757.10144,737.83954,688.3587,5
6.481626,6.3528275,6.167,6.077623,768.4015,761.37836,746.9334,737.83954,3
6.3212266,6.22792,6.6477513,5.9907455,759.3054,752.29144,774.5054,727.4474,6
6.22792,6.048381,5.9907455,6.048381,752.29144,734.52106,727.4474,734.52106,5
6.514407,6.4167547,6.2898726,6.2587695,769.85187,765.139,757.10144,754.7641,7
5.798377,6.048381,5.9064775,5.57429,698.0637,734.52106,715.7357,650.08606,5
6.3528275,6.681627,6.4490743,6.077623,761.37836,775.3944,766.8313,737.83954,4
6.2898726,5.9907455,5.9064775,6.01942,757.10144,727.4474,715.7357,731.0573,8
5.3994756,6.5806417,6.197329,5.6216826,599.4241,772.40314,749.6819,661.6717,5
6.077623,5.6704793,5.720644,5.645908,737.83954,672.74994,683.2939,667.276,3
5.9623604,6.01942,5.878988,5.6216826,723.6907,731.0573,711.53735,661.6717,0
6.614089,5.5511303,5.824933,6.924428,773.5091,644.1131,702.7006,778.835,8
6.107143,5.93427,5.9064775,6.048381,741.01355,719.78687,715.7357,734.52106,0
6.2587695,6.22792,5.9623604,5.93427,754.7641,752.29144,723.6907,719.78687,3
6.481626,6.854073,6.4167547,6.3528275,768.4015,778.32294,765.139,761.37836,9
6.5806417,6.2898726,6.22792,6.22792,772.40314,757.10144,752.29144,752.29144,8
6.167,5.4621844,5.440893,5.6216826,746.9334,619.13385,612.6458,661.6717,3
5.851805,5.7462277,5.798377,5.798377,707.19226,688.3587,698.0637,698.0637,4
6.3212266,5.9907455,5.93427,6.2587695,759.3054,727.4474,719.78687,754.7641,9
6.197329,6.3528275,6.1369367,6.3212266,749.6819,761.37836,744.0445,759.3054,7
6.5806417,6.4490743,6.3846717,6.3846717,772.40314,766.8313,763.3221,763.3221,4
6.2587695,5.720644,5.720644,6.048381,754.7641,683.2939,683.2939,734.52106,2
6.1369367,6.077623,5.93427,5.6704793,744.0445,737.83954,719.78687,672.74994,9
6.3846717,6.3528275,6.167,5.9623604,763.3221,761.37836,746.9334,723.6907,1
6.614089,5.9064775,6.22792,5.9623604,773.5091,715.7357,752.29144,723.6907,6
6.2898726,6.5806417,6.22792,6.2898726,757.10144,772.40314,752.29144,757.10144,9
6.077623,5.878988,6.1369367,5.7462277,737.83954,711.53735,744.0445,688.3587,6
6.1369367,5.359642,5.9064775,5.359642,744.0445,585.9245,715.7357,585.9245,2
6.1369367,6.4167547,6.1369367,5.93427,744.0445,765.139,744.0445,719.78687,3
6.681627,6.3212266,6.197329,6.4490743,775.3944,759.3054,749.6819,766.8313,5
6.4490743,5.77214,5.851805,6.2898726,766.8313,693.2828,707.19226,757.10144,8
6.5806417,5.6704793,5.695393,6.2587695,772.40314,672.74994,678.0901,754.7641,0
6.8891554,5.9907455,5.824933,6.6477513,778.6235,727.4474,702.7006,774.5054,1
6.3212266,5.93427,5.851805,5.824933,759.3054,719.78687,707.19226,702.7006,4
6.6477513,6.4490743,6.197329,6.481626,774.5054,766.8313,749.6819,768.4015,3
5.77214,6.167,5.9907455,5.824933,693.2828,746.9334,727.4474,702.7006,5
6.3846717,5.321429,5.4199886,6.6477513,763.3221,572.2129,606.07355,774.5054,8
6.9955344,6.481626,6.167,6.514407,779.0013,768.4015,746.9334,769.85187,1
6.3528275,6.3212266,6.077623,6.22792,761.37836,759.3054,737.83954,752.29144,3
5.93427,5.9623604,5.798377,5.4199886,719.78687,723.6907,698.0637,606.07355,2
6.3212266,6.2587695,5.9907455,6.3212266,759.3054,754.7641,727.4474,759.3054,7
6.514407,6.4167547,6.22792,6.6477513,769.85187,765.139,752.29144,774.5054,7
6.1369367,6.2898726,6.107143,6.01942,744.0445,757.10144,741.01355,731.0573,7
6.3528275,6.3212266,6.197329,5.851805,761.37836,759.3054,749.6819,707.19226,4
6.514407,6.681627,6.75,6.3528275,769.85187,775.3944,776.8614,761.37836,1
6.924428,5.695393,5.77214,6.75,778.835,678.0901,693.2828,776.8614,8
5.9907455,6.5474133,5.798377,5.878988,727.4474,771.1848,698.0637,711.53735,9
6.2898726,5.9064775,5.4621844,5.878988,757.10144,715.7357,619.13385,711.53735,3
6.077623,6.22792,5.9064775,5.9064775,737.83954,752.29144,715.7357,715.7357,7
6.2898726,6.01942,5.9907455,5.77214,757.10144,731.0573,727.4474,693.2828,4
6.077623,6.2898726,6.681627,5.878988,737.83954,757.10144,775.3944,711.53735,6
6.614089,6.4167547,6.3212266,6.614089,773.5091,765.139,759.3054,773.5091,9
6.1369367,5.6216826,6.107143,5.645908,744.0445,661.6717,741.01355,667.276,2
6.6477513,6.22792,6.2587695,6.9955344,774.5054,752.29144,754.7641,779.0013,5
6.197329,6.077623,6.107143,5.878988,749.6819,737.83954,741.01355,711.53735,4
6.107143,5.851805,5.824933,5.93427,741.01355,707.19226,702.7006,719.78687,0
5.6704793,6.077623,6.048381,5.695393,672.74994,737.83954,734.52106,678.0901,8
6.048381,6.6477513,6.5474133,5.93427,734.52106,774.5054,771.1848,719.78687,5
6.22792,6.514407,6.22792,5.798377,752.29144,769.85187,752.29144,698.0637,4
6.681627,6.3528275,6.2898726,6.4167547,775.3944,761.37836,757.10144,765.139,5
6.107143,5.6704793,5.7462277,5.9907455,741.01355,672.74994,688.3587,727.4474,8
6.1369367,6.01942,5.851805,5.379359,744.0445,731.0573,707.19226,592.7051,9
5.528336,5.720644,5.4621844,5.5978084,638.026,683.2939,619.13385,655.9404,8
6.9955344,5.9623604,5.9064775,6.8191843,779.0013,723.6907,715.7357,777.93085,8
6.3528275,5.6216826,5.4199886,6.1369367,761.37836,661.6717,606.07355,744.0445,0
6.5474133,5.645908,5.851805,5.5978084,771.1848,667.276,707.19226,655.9404,2
6.8191843,6.71571,6.6477513,6.5474133,777.93085,776.1789,774.5054,771.1848,1
5.9907455,6.514407,5.9907455,5.6704793,727.4474,769.85187,727.4474,672.74994,8
6.197329,5.77214,5.695393,6.1369367,749.6819,693.2828,678.0901,744.0445,9
6.077623,5.798377,5.878988,5.9907455,737.83954,698.0637,711.53735,727.4474,5
6.2898726,6.167,5.93427,5.93427,757.10144,746.9334,719.78687,719.78687,3
5.695393,6.959889,5.824933,5.4199886,678.0901,778.9601,702.7006,606.07355,7
6.959889,5.720644,5.77214,6.681627,778.9601,683.2939,693.2828,775.3944,1
6.107143,5.7462277,5.7462277,6.107143,741.01355,688.3587,688.3587,741.01355,0
6.1369367,6.048381,6.3846717,6.077623,744.0445,734.52106,763.3221,737.83954,6
6.71571,6.077623,5.824933,6.3212266,776.1789,737.83954,702.7006,759.3054,8
6.481626,6.8891554,6.71571,6.2898726,768.4015,778.6235,776.1789,757.10144,7
5.9907455,5.695393,5.7462277,6.01942,727.4474,678.0901,688.3587,731.0573,0
6.197329,5.798377,5.824933,5.9907455,749.6819,698.0637,702.7006,727.4474,2
6.077623,5.2672215,5.321429,5.9623604,737.83954,551.4075,572.2129,723.6907,0
6.75,6.107143,6.2898726,6.3528275,776.8614,741.01355,757.10144,761.37836,2
6.22792,5.5511303,5.57429,5.851805,752.29144,644.1131,650.08606,707.19226,2
6.197329,5.7462277,5.9064775,6.01942,749.6819,688.3587,715.7357,731.0573,5
5.851805,5.6216826,5.93427,5.30294,707.19226,661.6717,719.78687,565.29987,6
6.2898726,5.7462277,5.7462277,6.22792,757.10144,688.3587,688.3587,752.29144,8
6.3846717,6.2898726,6.4167547,6.077623,763.3221,757.10144,765.139,737.83954,4
5.9907455,6.048381,6.01942,5.9907455,727.4474,734.52106,731.0573,727.4474,2
6.077623,6.2898726,5.9064775,6.048381,737.83954,757.10144,715.7357,734.52106,9
6.107143,5.9907455,5.9907455,6.048381,741.01355,727.4474,727.4474,734.52106,5
6.22792,5.93427,6.077623,6.1369367,752.29144,719.78687,737.83954,744.0445,0
5.9064775,5.878988,6.01942,6.077623,715.7357,711.53735,731.0573,737.83954,0
6.71571,6.614089,6.3212266,6.2898726,776.1789,773.5091,759.3054,757.10144,1
6.4490743,5.9064775,6.167,6.077623,766.8313,715.7357,746.9334,737.83954,2
6.01942,5.5059104,5.528336,5.6216826,731.0573,631.8301,638.026,661.6717,5
6.4490743,6.197329,6.197329,5.878988,766.8313,749.6819,749.6819,711.53735,6
6.784492,5.77214,5.6216826,6.048381,777.4445,693.2828,661.6717,734.52106,3
6.197329,6.22792,6.6477513,6.107143,749.6819,752.29144,774.5054,741.01355,6
6.8891554,6.3528275,6.22792,6.6477513,778.6235,761.37836,752.29144,774.5054,7
6.514407,6.01942,5.9907455,6.481626,769.85187,731.0573,727.4474,768.4015,8
6.22792,6.481626,6.514407,6.107143,752.29144,768.4015,769.85187,741.01355,4
6.481626,6.9955344,6.6477513,6.2898726,768.4015,779.0013,774.5054,757.10144,3
6.3212266,6.8191843,6.3528275,6.048381,759.3054,777.93085,761.37836,734.52106,9
6.9955344,6.514407,6.22792,6.5474133,779.0013,769.85187,752.29144,771.1848,1
6.107143,6.3212266,6.3212266,5.878988,741.01355,759.3054,759.3054,711.53735,4
6.01942,6.2587695,6.167,5.720644,731.0573,754.7641,746.9334,683.2939,3
6.5806417,6.2898726,6.077623,6.614089,772.40314,757.10144,737.83954,773.5091,7
6.077623,5.93427,5.851805,6.1369367,737.83954,719.78687,707.19226,744.0445,9
6.6477513,6.3528275,6.6477513,6.5474133,774.5054,761.37836,774.5054,771.1848,6
6.681627,6.048381,6.1369367,6.614089,775.3944,734.52106,744.0445,773.5091,7
6.077623,6.197329,5.9907455,6.22792,737.83954,749.6819,727.4474,752.29144,0
6.8191843,5.798377,5.7462277,6.481626,777.93085,698.0637,688.3587,768.4015,2
6.784492,5.824933,5.851805,6.3846717,777.4445,702.7006,707.19226,763.3221,2
6.9955344,6.3212266,6.3212266,6.8191843,779.0013,759.3054,759.3054,777.93085,1
6.3212266,5.798377,5.798377,6.3528275,759.3054,698.0637,698.0637,761.37836,8
6.4490743,6.9955344,6.481626,6.167,766.8313,779.0013,768.4015,746.9334,7
6.1369367,6.22792,6.4167547,5.878988,744.0445,752.29144,765.139,711.53735,5
6.3846717,5.824933,5.851805,6.4490743,763.3221,702.7006,707.19226,766.8313,0
6.167,5.878988,6.048381,5.9064775,746.9334,711.53735,734.52106,715.7357,0
6.4167547,6.107143,6.167,6.2898726,765.139,741.01355,746.9334,757.10144,0
6.5806417,6.3528275,6.107143,6.481626,772.40314,761.37836,741.01355,768.4015,7
6.514407,5.645908,5.798377,6.3212266,769.85187,667.276,698.0637,759.3054,8
5.9064775,5.851805,5.824933,5.720644,715.7357,707.19226,702.7006,683.2939,0
6.3528275,5.6704793,5.4199886,6.01942,761.37836,672.74994,606.07355,731.0573,0
6.481626,5.9064775,6.4490743,5.9907455,768.4015,715.7357,766.8313,727.4474,6
6.4167547,5.720644,5.4838586,5.878988,765.139,683.2939,625.5307,711.53735,5
6.854073,5.2672215,5.645908,5.798377,778.32294,551.4075,667.276,698.0637,2
5.798377,6.077623,6.077623,5.824933,698.0637,737.83954,737.83954,702.7006,5
6.4490743,6.048381,5.7462277,5.5978084,766.8313,734.52106,688.3587,655.9404,3
6.4490743,6.924428,6.514407,6.01942,766.8313,778.835,769.85187,731.0573,1
6.4490743,6.481626,6.5806417,6.01942,766.8313,768.4015,772.40314,731.0573,4
6.8191843,5.720644,5.695393,6.6477513,777.93085,683.2939,678.0901,774.5054,1
6.077623,6.2587695,6.3212266,5.6216826,737.83954,754.7641,759.3054,661.6717,4
6.2587695,5.645908,5.9907455,5.3403306,754.7641,667.276,727.4474,579.0908,6
6.9955344,6.4490743,6.1369367,6.5474133,779.0013,766.8313,744.0445,771.1848,1
6.924428,5.878988,5.7462277,6.784492,778.835,711.53735,688.3587,777.4445,1
6.614089,6.077623,6.048381,6.3528275,773.5091,737.83954,734.52106,761.37836,9
6.197329,6.4167547,6.4490743,6.107143,749.6819,765.139,766.8313,741.01355,2
5.9623604,6.9955344,6.2898726,5.528336,723.6907,779.0013,757.10144,638.026,7
6.6477513,5.798377,6.1369367,6.077623,774.5054,698.0637,744.0445,737.83954,2
6.9955344,6.107143,5.878988,6.75,779.0013,741.01355,711.53735,776.8614,1
5.9623604,5.93427,6.01942,5.798377,723.6907,719.78687,731.0573,698.0637,5
6.6477513,5.9623604,5.57429,6.3212266,774.5054,723.6907,650.08606,759.3054,3
5.720644,5.77214,5.851805,5.824933,683.2939,693.2828,707.19226,702.7006,0
6.4490743,6.197329,6.1369367,6.3212266,766.8313,749.6819,744.0445,759.3054,9
6.4490743,5.9907455,6.2587695,6.197329,766.8313,727.4474,754.7641,749.6819,4
5.9064775,5.4621844,5.440893,5.824933,715.7357,619.13385,612.6458,702.7006,0
6.167,6.107143,5.93427,6.167,746.9334,741.01355,719.78687,746.9334,3
6.01942,6.2587695,6.514407,5.93427,731.0573,754.7641,769.85187,719.78687,8
6.514407,5.851805,5.878988,6.2587695,769.85187,707.19226,711.53735,754.7641,2
6.4490743,6.167,6.197329,6.3212266,766.8313,746.9334,749.6819,759.3054,8
6.1369367,6.681627,5.878988,5.9064775,744.0445,775.3944,711.53735,715.7357,7
6.4167547,5.720644,5.9907455,6.077623,765.139,683.2939,727.4474,737.83954,5
6.481626,6.75,6.6477513,6.514407,768.4015,776.8614,774.5054,769.85187,5
6.197329,6.01942,5.695393,5.77214,749.6819,731.0573,678.0901,693.2828,3
6.614089,5.9907455,5.7462277,6.107143,773.5091,727.4474,688.3587,741.01355,3
6.614089,6.4490743,6.2898726,6.22792,773.5091,766.8313,757.10144,752.29144,2
6.2587695,6.2587695,6.107143,6.107143,754.7641,754.7641,741.01355,741.01355,9
6.681627,6.9955344,6.481626,6.048381,775.3944,779.0013,768.4015,734.52106,1
6.197329,6.107143,6.71571,5.5978084,749.6819,741.01355,776.1789,655.9404,6
6.8191843,6.2898726,6.077623,6.614089,777.93085,757.10144,737.83954,773.5091,7
6.22792,5.824933,6.01942,5.9907455,752.29144,702.7006,731.0573,727.4474,5
6.22792,6.048381,5.9064775,5.7462277,752.29144,734.52106,715.7357,688.3587,2
6.107143,6.167,6.3528275,5.5059104,741.01355,746.9334,761.37836,631.8301,4
6.4167547,6.481626,6.22792,6.2898726,765.139,768.4015,752.29144,757.10144,3
6.5806417,6.197329,5.93427,6.167,772.40314,749.6819,719.78687,746.9334,3
5.6216826,5.7462277,6.4167547,5.5059104,661.6717,688.3587,765.139,631.8301,6
6.3212266,5.824933,5.77214,6.048381,759.3054,702.7006,693.2828,734.52106,8
6.6477513,5.2168536,5.2332096,5.5511303,774.5054,530.55725,537.4945,644.1131,2
5.93427,6.22792,5.878988,5.5978084,719.78687,752.29144,711.53735,655.9404,5
6.5806417,6.077623,6.2898726,5.9907455,772.40314,737.83954,757.10144,727.4474,6
6.614089,5.720644,5.9907455,5.77214,773.5091,683.2939,727.4474,693.2828,2
6.4490743,5.878988,5.6216826,5.93427,766.8313,711.53735,661.6717,719.78687,3
6.681627,6.22792,6.01942,6.3846717,775.3944,752.29144,731.0573,763.3221,9
6.1369367,6.854073,6.167,6.01942,744.0445,778.32294,746.9334,731.0573,4
6.71571,6.01942,6.22792,6.167,776.1789,731.0573,752.29144,746.9334,2
6.01942,5.93427,5.9623604,5.720644,731.0573,719.78687,723.6907,683.2939,4
6.2587695,6.197329,6.077623,5.7462277,754.7641,749.6819,737.83954,688.3587,2
6.614089,6.75,6.22792,6.1369367,773.5091,776.8614,752.29144,744.0445,3
5.7462277,6.22792,5.528336,5.93427,688.3587,752.29144,638.026,719.78687,7
6.854073,6.514407,6.2898726,6.4167547,778.32294,769.85187,757.10144,765.139,1
6.959889,6.197329,6.1369367,6.75,778.9601,749.6819,744.0445,776.8614,1
6.8891554,5.5511303,5.851805,6.197329,778.6235,644.1131,707.19226,749.6819,2
5.9064775,5.878988,5.851805,5.645908,715.7357,711.53735,707.19226,667.276,9
6.3212266,6.22792,6.3212266,6.197329,759.3054,752.29144,759.3054,749.6819,5
6.077623,5.379359,5.25,5.878988,737.83954,592.7051,544.44824,711.53735,0
6.1369367,6.2898726,6.167,5.93427,744.0445,757.10144,746.9334,719.78687,5
6.9955344,6.5806417,6.3846717,6.6477513,779.0013,772.40314,763.3221,774.5054,1
6.5806417,5.798377,5.695393,5.9907455,772.40314,698.0637,678.0901,727.4474,3
6.75,6.784492,6.75,6.5474133,776.8614,777.4445,776.8614,771.1848,3
5.645908,6.2587695,5.7462277,6.01942,667.276,754.7641,688.3587,731.0573,7
6.077623,6.5806417,6.9955344,6.048381,737.83954,772.40314,779.0013,734.52106,4
6.481626,5.824933,6.197329,5.878988,768.4015,702.7006,749.6819,711.53735,2
6.5806417,6.2898726,6.3212266,6.2898726,772.40314,757.10144,759.3054,757.10144,7
6.2898726,6.9955344,6.2587695,5.9907455,757.10144,779.0013,754.7641,727.4474,7
6.5474133,5.5978084,5.4621844,6.107143,771.1848,655.9404,619.13385,741.01355,0
6.22792,6.048381,5.9907455,5.93427,752.29144,734.52106,727.4474,719.78687,8
6.854073,5.93427,5.824933,6.5474133,778.32294,719.78687,702.7006,771.1848,1
6.3528275,5.851805,5.6704793,5.824933,761.37836,707.19226,672.74994,702.7006,9
6.514407,5.5978084,5.5978084,6.167,769.85187,655.9404,655.9404,746.9334,0
6.1369367,5.720644,5.798377,5.9064775,744.0445,683.2939,698.0637,715.7357,0
6.514407,5.7462277,5.798377,6.2898726,769.85187,688.3587,698.0637,757.10144,2
6.4490743,5.878988,6.3212266,5.9907455,766.8313,711.53735,759.3054,727.4474,6
6.4490743,6.75,6.514407,5.9623604,766.8313,776.8614,769.85187,723.6907,1
6.2898726,6.71571,6.481626,5.9907455,757.10144,776.1789,768.4015,727.4474,3
6.854073,5.9623604,5.9623604,6.784492,778.32294,723.6907,723.6907,777.4445,1
6.3528275,6.197329,6.107143,6.3212266,761.37836,749.6819,741.01355,759.3054,5
6.077623,6.197329,6.048381,5.77214,737.83954,749.6819,734.52106,693.2828,2
6.9955344,6.048381,6.1369367,6.8891554,779.0013,734.52106,744.0445,778.6235,1
6.3846717,6.4490743,6.197329,6.197329,763.3221,766.8313,749.6819,749.6819,4
6.514407,6.2898726,6.3528275,6.4167547,769.85187,757.10144,761.37836,765.139,6
6.3528275,6.22792,6.481626,6.197329,761.37836,752.29144,768.4015,749.6819,0
6.2587695,6.614089,6.197329,6.077623,754.7641,773.5091,749.6819,737.83954,9
6.924428,6.01942,6.077623,6.75,778.835,731.0573,737.83954,776.8614,1
5.9907455,5.57429,5.93427,6.077623,727.4474,650.08606,719.78687,737.83954,0
6.197329,6.2898726,6.197329,5.9064775,749.6819,757.10144,749.6819,715.7357,3
6.107143,5.77214,5.7462277,5.7462277,741.01355,693.2828,688.3587,688.3587,0
6.22792,5.5978084,5.798377,5.7462277,752.29144,655.9404,698.0637,688.3587,2
6.514407,6.9955344,6.4167547,5.93427,769.85187,779.0013,765.139,719.78687,7
6.048381,5.720644,5.824933,5.9623604,734.52106,683.2939,702.7006,723.6907,0
6.2587695,6.3528275,6.048381,5.878988,754.7641,761.37836,734.52106,711.53735,5
6.6477513,6.167,6.01942,6.3212266,774.5054,746.9334,731.0573,759.3054,5
6.4490743,6.6477513,6.2587695,5.878988,766.8313,774.5054,754.7641,711.53735,9
6.197329,6.681627,6.22792,6.167,749.6819,775.3944,752.29144,746.9334,7
5.9907455,6.1369367,6.107143,5.9907455,727.4474,744.0445,741.01355,727.4474,0
6.2587695,6.8191843,6.3846717,5.9907455,754.7641,777.93085,763.3221,727.4474,7
5.9907455,6.197329,5.9064775,6.107143,727.4474,749.6819,715.7357,741.01355,5
6.959889,6.3528275,6.3212266,6.784492,778.9601,761.37836,759.3054,777.4445,1
6.9955344,6.4167547,6.3846717,6.8891554,779.0013,765.139,763.3221,778.6235,1
6.6477513,6.3846717,6.481626,6.481626,774.5054,763.3221,768.4015,768.4015,6
6.197329,6.1369367,5.9623604,5.7462277,749.6819,744.0445,723.6907,688.3587,2
6.8191843,5.57429,5.7462277,5.798377,777.93085,650.08606,688.3587,698.0637,2
6.4490743,5.77214,5.824933,6.048381,766.8313,693.2828,702.7006,734.52106,2
6.75,5.93427,5.824933,6.5806417,776.8614,719.78687,702.7006,772.40314,1
6.1369367,6.5474133,6.167,5.878988,744.0445,771.1848,746.9334,711.53735,9
6.75,5.9907455,6.22792,6.3212266,776.8614,727.4474,752.29144,759.3054,6
6.3212266,5.720644,5.824933,6.2587695,759.3054,683.2939,702.7006,754.7641,8
6.3528275,6.5474133,6.197329,5.878988,761.37836,771.1848,749.6819,711.53735,4
6.614089,6.048381,6.2898726,6.4167547,773.5091,734.52106,757.10144,765.139,4
6.167,5.379359,5.379359,5.528336,746.9334,592.7051,592.7051,638.026,2
6.514407,6.107143,6.2587695,6.481626,769.85187,741.01355,754.7641,768.4015,0
6.3528275,6.681627,6.048381,6.22792,761.37836,775.3944,734.52106,752.29144,7
6.959889,6.197329,6.197329,6.784492,778.9601,749.6819,749.6819,777.4445,1
6.3212266,5.9064775,6.077623,6.197329,759.3054,715.7357,737.83954,749.6819,9
6.4167547,6.514407,6.514407,6.197329,765.139,769.85187,769.85187,749.6819,4
6.167,6.2587695,5.9907455,5.851805,746.9334,754.7641,727.4474,707.19226,9
6.4490743,6.3212266,6.3212266,6.2587695,766.8313,759.3054,759.3054,754.7641,9
6.8891554,6.681627,6.2587695,6.3212266,778.6235,775.3944,754.7641,759.3054,1
6.4167547,5.7462277,5.6216826,5.7462277,765.139,688.3587,661.6717,688.3587,2
6.197329,6.6477513,6.681627,5.878988,749.6819,774.5054,775.3944,711.53735,5
6.4490743,6.197329,6.22792,5.9907455,766.8313,749.6819,752.29144,727.4474,3
6.481626,6.481626,6.5474133,6.048381,768.4015,768.4015,771.1848,734.52106,6
5.824933,5.57429,5.4621844,5.528336,702.7006,650.08606,619.13385,638.026,3
6.2587695,6.22792,5.9064775,6.3528275,754.7641,752.29144,715.7357,761.37836,9
6.924428,6.784492,6.3528275,6.3212266,778.835,777.4445,761.37836,759.3054,1
6.048381,6.22792,6.2587695,5.57429,734.52106,752.29144,754.7641,650.08606,4
6.614089,6.4167547,6.2898726,6.3212266,773.5091,765.139,757.10144,759.3054,9
6.514407,5.9907455,6.2587695,6.1369367,769.85187,727.4474,754.7641,744.0445,6
6.71571,5.57429,5.878988,6.01942,776.1789,650.08606,711.53735,731.0573,2
6.107143,6.01942,6.01942,5.824933,741.01355,731.0573,731.0573,702.7006,5
6.614089,5.77214,5.7462277,5.9623604,773.5091,693.2828,688.3587,723.6907,2
5.6704793,5.57429,5.528336,5.359642,672.74994,650.08606,638.026,585.9245,6
5.9907455,5.851805,5.645908,5.9064775,727.4474,707.19226,667.276,715.7357,9
6.1369367,5.77214,6.048381,5.7462277,744.0445,693.2828,734.52106,688.3587,2
6.4490743,6.614089,6.22792,6.3528275,766.8313,773.5091,752.29144,761.37836,3
5.93427,5.9064775,5.93427,5.6704793,719.78687,715.7357,719.78687,672.74994,5
6.167,6.2587695,5.93427,6.2587695,746.9334,754.7641,719.78687,754.7641,7
6.9955344,6.4167547,6.3846717,6.854073,779.0013,765.139,763.3221,778.32294,1
6.75,6.197329,6.167,6.077623,776.8614,749.6819,746.9334,737.83954,7
6.854073,5.878988,6.22792,6.3212266,778.32294,711.53735,752.29144,759.3054,2
6.197329,5.9064775,6.01942,6.2898726,749.6819,715.7357,731.0573,757.10144,2
6.8891554,6.75,6.1369367,6.167,778.6235,776.8614,744.0445,746.9334,1
6.4167547,6.2898726,5.9623604,6.2898726,765.139,757.10144,723.6907,757.10144,7
6.4490743,6.8891554,6.784492,6.2587695,766.8313,778.6235,777.4445,754.7641,2
6.514407,5.9623604,5.9907455,6.2898726,769.85187,723.6907,727.4474,757.10144,0
6.4167547,6.6477513,6.3212266,5.851805,765.139,774.5054,759.3054,707.19226,7
6.4490743,5.93427,5.851805,6.197329,766.8313,719.78687,707.19226,749.6819,1
6.5806417,6.048381,6.2587695,6.2587695,772.40314,734.52106,754.7641,754.7641,2
6.4167547,5.9064775,6.107143,6.22792,765.139,715.7357,741.01355,752.29144,8
5.9907455,6.5806417,6.2898726,5.5978084,727.4474,772.40314,757.10144,655.9404,9
6.924428,6.01942,6.1369367,6.8191843,778.835,731.0573,744.0445,777.93085,1
6.681627,5.7462277,5.4838586,6.1369367,775.3944,688.3587,625.5307,744.0445,1
5.9064775,6.481626,5.9064775,5.93427,715.7357,768.4015,715.7357,719.78687,7
6.4167547,5.9064775,6.107143,6.3212266,765.139,715.7357,741.01355,759.3054,0
5.379359,6.048381,5.824933,5.4838586,592.7051,734.52106,702.7006,625.5307,8
5.9623604,5.645908,6.107143,5.3994756,723.6907,667.276,741.01355,599.4241,2
6.3846717,6.3528275,6.3528275,5.824933,763.3221,761.37836,761.37836,702.7006,4
6.854073,6.6477513,6.197329,6.4167547,778.32294,774.5054,749.6819,765.139,1
6.2587695,5.9623604,6.2587695,5.6216826,754.7641,723.6907,754.7641,661.6717,2
6.167,6.107143,6.197329,6.22792,746.9334,741.01355,749.6819,752.29144,8
6.4490743,6.2898726,5.720644,6.1369367,766.8313,757.10144,683.2939,744.0445,3
6.167,5.3994756,5.528336,5.878988,746.9334,599.4241,638.026,711.53735,0
6.6477513,6.71571,6.481626,6.22792,774.5054,776.1789,768.4015,752.29144,1
6.3528275,6.5474133,6.077623,5.93427,761.37836,771.1848,737.83954,719.78687,9
6.3212266,6.75,6.4167547,6.197329,759.3054,776.8614,765.139,749.6819,7
6.167,6.4167547,5.93427,6.3846717,746.9334,765.139,719.78687,763.3221,9
6.197329,6.3528275,6.2898726,6.2587695,749.6819,761.37836,757.10144,754.7641,5
5.9064775,6.481626,6.2898726,5.695393,715.7357,768.4015,757.10144,678.0901,9
5.9907455,6.5474133,6.4167547,6.048381,727.4474,771.1848,765.139,734.52106,5
6.6477513,5.5978084,5.528336,5.7462277,774.5054,655.9404,638.026,688.3587,2
6.924428,5.25,5.5059104,5.851805,778.835,544.44824,631.8301,707.19226,2
5.9064775,5.9064775,5.9064775,5.6704793,715.7357,715.7357,715.7357,672.74994,8
6.01942,6.3212266,6.3212266,5.9907455,731.0573,759.3054,759.3054,727.4474,6
6.5806417,6.048381,5.77214,5.878988,772.40314,734.52106,693.2828,711.53735,3
6.1369367,5.9623604,5.695393,6.22792,744.0445,723.6907,678.0901,752.29144,5
6.5474133,6.3212266,5.9907455,6.22792,771.1848,759.3054,727.4474,752.29144,3
6.3528275,6.681627,6.197329,6.1369367,761.37836,775.3944,749.6819,744.0445,7
6.514407,5.6216826,5.9907455,5.851805,769.85187,661.6717,727.4474,707.19226,2
6.5806417,6.3846717,6.2898726,6.3846717,772.40314,763.3221,757.10144,763.3221,3
6.3846717,5.57429,5.9064775,5.824933,763.3221,650.08606,715.7357,702.7006,6
5.798377,6.22792,6.167,5.7462277,698.0637,752.29144,746.9334,688.3587,8
6.6477513,5.77214,6.197329,5.878988,774.5054,693.2828,749.6819,711.53735,2
5.9907455,5.93427,6.077623,5.9623604,727.4474,719.78687,737.83954,723.6907,6
6.5474133,5.9623604,5.851805,6.048381,771.1848,723.6907,707.19226,734.52106,3
6.5474133,5.645908,5.7462277,5.9064775,771.1848,667.276,688.3587,715.7357,2
5.93427,5.878988,6.167,5.440893,719.78687,711.53735,746.9334,612.6458,6
6.1369367,5.878988,5.798377,5.9623604,744.0445,711.53735,698.0637,723.6907,0
5.9623604,6.959889,6.167,5.7462277,723.6907,778.9601,746.9334,688.3587,7
6.3212266,6.4167547,6.514407,5.851805,759.3054,765.139,769.85187,707.19226,4
6.3846717,6.75,6.75,6.197329,763.3221,776.8614,776.8614,749.6819,3
5.9907455,6.22792,6.197329,5.7462277,727.4474,752.29144,749.6819,688.3587,8
6.3846717,6.2587695,6.481626,5.93427,763.3221,754.7641,768.4015,719.78687,8
6.4490743,5.321429,5.77214,5.77214,766.8313,572.2129,693.2828,693.2828,2
6.4167547,6.01942,6.514407,5.93427,765.139,731.0573,769.85187,719.78687,6
6.077623,5.9064775,6.167,5.851805,737.83954,715.7357,746.9334,707.19226,2
6.481626,5.824933,5.9064775,6.197329,768.4015,702.7006,715.7357,749.6819,9
6.5474133,5.5511303,5.695393,5.9623604,771.1848,644.1131,678.0901,723.6907,2
6.75,6.3212266,6.3528275,6.2898726,776.8614,759.3054,761.37836,757.10144,2
6.2587695,5.720644,6.1369367,6.197329,754.7641,683.2939,744.0445,749.6819,6
6.4167547,6.4167547,6.01942,5.93427,765.139,765.139,731.0573,719.78687,3
6.22792,6.4167547,6.2898726,5.851805,752.29144,765.139,757.10144,707.19226,6
6.1369367,5.824933,5.9623604,5.9907455,744.0445,702.7006,723.6907,727.4474,0
6.107143,5.440893,5.7462277,5.4621844,741.01355,612.6458,688.3587,619.13385,2
6.4167547,6.5806417,6.197329,6.2587695,765.139,772.40314,749.6819,754.7641,7
6.514407,5.798377,5.528336,6.1369367,769.85187,698.0637,638.026,744.0445,3
6.71571,5.5978084,5.6216826,5.851805,776.1789,655.9404,661.6717,707.19226,2
6.9955344,6.3528275,6.197329,6.6477513,779.0013,761.37836,749.6819,774.5054,1
6.514407,5.5059104,5.645908,5.824933,769.85187,631.8301,667.276,702.7006,2
6.167,6.2587695,6.077623,5.9907455,746.9334,754.7641,737.83954,727.4474,8
6.5806417,5.695393,5.878988,5.77214,772.40314,678.0901,711.53735,693.2828,2
6.107143,6.854073,6.3846717,6.197329,741.01355,778.32294,763.3221,749.6819,9
6.4167547,6.959889,6.197329,5.9907455,765.139,778.9601,749.6819,727.4474,4
6.924428,6.2587695,6.01942,6.71571,778.835,754.7641,731.0573,776.1789,1
6.514407,6.2587695,6.3212266,6.614089,769.85187,754.7641,759.3054,773.5091,4
6.9955344,6.167,6.077623,6.75,779.0013,746.9334,737.83954,776.8614,1
6.5474133,5.93427,6.077623,6.1369367,771.1848,719.78687,737.83954,744.0445,5
6.167,6.6477513,6.048381,5.798377,746.9334,774.5054,734.52106,698.0637,9
6.01942,5.878988,6.077623,5.5978084,731.0573,711.53735,737.83954,655.9404,2
6.048381,6.3846717,6.197329,5.720644,734.52106,763.3221,749.6819,683.2939,3
6.4490743,5.9907455,5.695393,5.93427,766.8313,727.4474,678.0901,719.78687,3
6.4167547,6.3846717,6.5806417,6.22792,765.139,763.3221,772.40314,752.29144,6
6.2898726,5.798377,5.9064775,6.048381,757.10144,698.0637,715.7357,734.52106,8
6.614089,6.681627,6.2587695,6.3528275,773.5091,775.3944,754.7641,761.37836,9
6.167,6.1369367,6.167,6.048381,746.9334,744.0445,746.9334,734.52106,5
6.681627,6.107143,6.1369367,6.75,775.3944,741.01355,744.0445,776.8614,5
6.481626,6.3528275,6.167,5.93427,768.4015,761.37836,746.9334,719.78687,4
6.481626,6.167,6.22792,6.077623,768.4015,746.9334,752.29144,737.83954,8
6.4490743,6.1369367,6.3528275,6.2587695,766.8313,744.0445,761.37836,754.7641,4
6.514407,6.077623,5.9907455,6.3528275,769.85187,737.83954,727.4474,761.37836,8
5.5511303,5.5059104,5.695393,5.5978084,644.1131,631.8301,678.0901,655.9404,0
6.5806417,6.4490743,6.107143,6.3528275,772.40314,766.8313,741.01355,761.37836,3
6.4167547,5.5511303,5.5059104,6.048381,765.139,644.1131,631.8301,734.52106,0
6.077623,6.75,6.01942,6.01942,737.83954,776.8614,731.0573,731.0573,7
5.93427,6.01942,6.048381,5.824933,719.78687,731.0573,734.52106,702.7006,0
6.3528275,6.854073,6.107143,5.878988,761.37836,778.32294,741.01355,711.53735,9
6.22792,6.6477513,6.167,5.9623604,752.29144,774.5054,746.9334,723.6907,7
6.107143,5.9907455,6.1369367,5.57429,741.01355,727.4474,744.0445,650.08606,2
6.959889,6.167,6.1369367,6.784492,778.9601,746.9334,744.0445,777.4445,1
5.9907455,6.5474133,6.481626,5.720644,727.4474,771.1848,768.4015,683.2939,3
6.3846717,6.5806417,6.3528275,6.1369367,763.3221,772.40314,761.37836,744.0445,1
6.481626,6.3212266,6.2587695,6.4167547,768.4015,759.3054,754.7641,765.139,5
6.514407,5.379359,5.9064775,5.695393,769.85187,592.7051,715.7357,678.0901,2
5.9623604,6.3528275,6.167,5.77214,723.6907,761.37836,746.9334,693.2828,3
6.3212266,6.3212266,6.01942,6.5474133,759.3054,759.3054,731.0573,771.1848,7
6.4167547,6.107143,6.924428,6.167,765.139,741.01355,778.835,746.9334,2
6.854073,6.167,6.1369367,6.681627,778.32294,746.9334,744.0445,775.3944,1
6.2898726,6.4490743,6.1369367,6.197329,757.10144,766.8313,744.0445,749.6819,7
6.5474133,6.4490743,6.481626,5.824933,771.1848,766.8313,768.4015,702.7006,4
6.71571,5.93427,6.077623,6.197329,776.1789,719.78687,737.83954,749.6819,2
6.959889,6.2898726,6.197329,6.71571,778.9601,757.10144,749.6819,776.1789,1
6.01942,5.851805,6.077623,5.6216826,731.0573,707.19226,737.83954,661.6717,2
6.3212266,6.3528275,5.93427,6.167,759.3054,761.37836,719.78687,746.9334,7
6.1369367,5.9623604,5.824933,6.5806417,744.0445,723.6907,702.7006,772.40314,7
5.720644,6.077623,6.4167547,5.359642,683.2939,737.83954,765.139,585.9245,4
6.8191843,5.6216826,5.93427,6.2587695,777.93085,661.6717,719.78687,754.7641,2
6.077623,6.9955344,6.1369367,5.851805,737.83954,779.0013,744.0445,707.19226,7
6.22792,5.9907455,6.197329,5.9623604,752.29144,727.4474,749.6819,723.6907,6
5.878988,6.4490743,6.107143,5.57429,711.53735,766.8313,741.01355,650.08606,3
6.107143,5.851805,5.851805,5.9064775,741.01355,707.19226,707.19226,715.7357,0
5.851805,6.197329,6.01942,5.5978084,707.19226,749.6819,731.0573,655.9404,5
6.167,6.077623,5.9907455,5.720644,746.9334,737.83954,727.4474,683.2939,1
5.695393,5.6704793,5.5511303,5.77214,678.0901,672.74994,644.1131,693.2828,8
6.5806417,6.5474133,6.481626,6.197329,772.40314,771.1848,768.4015,749.6819,4
6.077623,5.93427,5.9907455,5.77214,737.83954,719.78687,727.4474,693.2828,0
6.1369367,6.3846717,6.01942,6.077623,744.0445,763.3221,731.0573,737.83954,3
6.784492,6.75,6.614089,6.6477513,777.4445,776.8614,773.5091,774.5054,7
6.3212266,6.167,6.077623,6.048381,759.3054,746.9334,737.83954,734.52106,8
6.4490743,5.695393,5.93427,5.6216826,766.8313,678.0901,719.78687,661.6717,2
6.077623,5.9064775,6.3528275,5.695393,737.83954,715.7357,761.37836,678.0901,6
6.2898726,6.8891554,6.924428,6.197329,757.10144,778.6235,778.835,749.6819,1
6.4490743,5.9064775,6.107143,5.93427,766.8313,715.7357,741.01355,719.78687,2
6.5474133,5.528336,5.6216826,5.851805,771.1848,638.026,661.6717,707.19226,2
5.851805,5.798377,5.6704793,5.645908,707.19226,698.0637,672.74994,667.276,9
5.878988,6.4490743,6.077623,5.824933,711.53735,766.8313,737.83954,702.7006,5
6.22792,5.77214,6.1369367,5.4621844,752.29144,693.2828,744.0445,619.13385,2
6.2587695,5.359642,5.528336,6.197329,754.7641,585.9245,638.026,749.6819,9
6.481626,5.5511303,5.93427,5.720644,768.4015,644.1131,719.78687,683.2939,2
6.4490743,5.93427,5.9907455,6.4167547,766.8313,719.78687,727.4474,765.139,8
6.197329,6.681627,6.22792,6.107143,749.6819,775.3944,752.29144,741.01355,7
5.824933,5.528336,5.4621844,6.2587695,702.7006,638.026,619.13385,754.7641,7
6.854073,6.614089,6.22792,6.2898726,778.32294,773.5091,752.29144,757.10144,1
6.3846717,6.6477513,6.481626,5.851805,763.3221,774.5054,768.4015,707.19226,7
6.2587695,6.167,6.167,5.5511303,754.7641,746.9334,746.9334,644.1131,3
6.2587695,6.167,6.048381,5.824933,754.7641,746.9334,734.52106,702.7006,8
6.2898726,6.01942,5.798377,6.197329,757.10144,731.0573,698.0637,749.6819,8
6.3528275,5.798377,6.481626,5.798377,761.37836,698.0637,768.4015,698.0637,6
6.3212266,6.514407,6.3846717,5.9064775,759.3054,769.85187,763.3221,715.7357,9
6.5474133,6.107143,5.77214,6.4490743,771.1848,741.01355,693.2828,766.8313,3
6.2898726,6.514407,6.681627,6.107143,757.10144,769.85187,775.3944,741.01355,5
6.5806417,6.197329,6.01942,6.614089,772.40314,749.6819,731.0573,773.5091,5
6.3846717,6.3846717,6.167,6.107143,763.3221,763.3221,746.9334,741.01355,4
6.107143,5.9907455,5.798377,6.2587695,741.01355,727.4474,698.0637,754.7641,7
5.9907455,6.167,6.01942,5.824933,727.4474,746.9334,731.0573,702.7006,4
6.854073,6.2898726,6.167,6.4490743,778.32294,757.10144,746.9334,766.8313,1
5.7462277,6.107143,5.824933,5.6704793,688.3587,741.01355,702.7006,672.74994,3
5.9064775,5.851805,6.107143,5.5059104,715.7357,707.19226,741.01355,631.8301,5
6.5474133,5.93427,5.9907455,6.3212266,771.1848,719.78687,727.4474,759.3054,6
6.514407,6.3212266,6.3846717,6.048381,769.85187,759.3054,763.3221,734.52106,4
6.614089,6.01942,6.107143,6.1369367,773.5091,731.0573,741.01355,744.0445,2
6.481626,6.048381,6.197329,6.2587695,768.4015,734.52106,749.6819,754.7641,8
6.3846717,6.2587695,6.167,6.3212266,763.3221,754.7641,746.9334,759.3054,5
6.167,5.3403306,5.5059104,5.695393,746.9334,579.0908,631.8301,678.0901,0
6.4490743,6.3212266,6.197329,6.3528275,766.8313,759.3054,749.6819,761.37836,9
6.614089,6.22792,6.167,6.107143,773.5091,752.29144,746.9334,741.01355,4
6.924428,5.9064775,5.824933,6.75,778.835,715.7357,702.7006,776.8614,1
6.2898726,6.514407,6.1369367,6.3528275,757.10144,769.85187,744.0445,761.37836,7
6.107143,6.614089,6.75,6.077623,741.01355,773.5091,776.8614,737.83954,3
6.9955344,6.514407,6.197329,6.6477513,779.0013,769.85187,749.6819,774.5054,1
6.5806417,6.959889,6.514407,6.4490743,772.40314,778.9601,769.85187,766.8313,9
6.1369367,6.197329,6.077623,6.1369367,744.0445,749.6819,737.83954,744.0445,5
6.3212266,6.3528275,6.481626,5.9623604,759.3054,761.37836,768.4015,723.6907,6
6.3212266,5.824933,5.9907455,6.048381,759.3054,702.7006,727.4474,734.52106,4
6.5474133,6.4490743,6.2587695,6.75,771.1848,766.8313,754.7641,776.8614,5
6.048381,5.5511303,5.798377,5.7462277,734.52106,644.1131,698.0637,688.3587,5
6.2587695,6.6477513,6.4167547,6.107143,754.7641,774.5054,765.139,741.01355,9
6.75,5.695393,5.9064775,6.077623,776.8614,678.0901,715.7357,737.83954,2
6.681627,6.5474133,6.3846717,6.3846717,775.3944,771.1848,763.3221,763.3221,9
6.681627,5.798377,5.798377,6.22792,775.3944,698.0637,698.0637,752.29144,4
5.9907455,5.93427,5.695393,5.878988,727.4474,719.78687,678.0901,711.53735,0
6.959889,6.167,6.1369367,6.8891554,778.9601,746.9334,744.0445,778.6235,1
6.3212266,6.3846717,6.481626,6.2587695,759.3054,763.3221,768.4015,754.7641,5
5.9064775,5.6704793,6.077623,5.4621844,715.7357,672.74994,737.83954,619.13385,6
6.2898726,6.5474133,6.22792,6.2587695,757.10144,771.1848,752.29144,754.7641,7
6.197329,6.1369367,5.798377,5.9064775,749.6819,744.0445,698.0637,715.7357,3
5.798377,5.645908,6.681627,5.5059104,698.0637,667.276,775.3944,631.8301,2
6.681627,5.5978084,6.01942,6.01942,775.3944,655.9404,731.0573,731.0573,6
6.167,5.93427,5.824933,6.481626,746.9334,719.78687,702.7006,768.4015,7
6.854073,6.077623,6.048381,6.75,778.32294,737.83954,734.52106,776.8614,1
6.167,5.9907455,6.3212266,5.5059104,746.9334,727.4474,759.3054,631.8301,6
6.514407,6.3212266,6.1369367,6.5806417,769.85187,759.3054,744.0445,772.40314,9
6.22792,6.2898726,6.4490743,6.1369367,752.29144,757.10144,766.8313,744.0445,8
5.9907455,6.614089,6.197329,5.720644,727.4474,773.5091,749.6819,683.2939,9
6.3528275,6.077623,6.2587695,6.514407,761.37836,737.83954,754.7641,769.85187,4
6.5474133,6.107143,5.77214,6.22792,771.1848,741.01355,693.2828,752.29144,3
6.22792,6.3846717,6.1369367,6.1369367,752.29144,763.3221,744.0445,744.0445,5
5.878988,5.528336,5.798377,5.695393,711.53735,638.026,698.0637,678.0901,2
6.1369367,6.481626,5.9064775,6.1369367,744.0445,768.4015,715.7357,744.0445,7
6.2898726,6.3212266,6.077623,5.93427,757.10144,759.3054,737.83954,719.78687,3
5.5978084,6.22792,5.798377,5.798377,655.9404,752.29144,698.0637,698.0637,5
6.481626,6.9955344,6.3846717,6.077623,768.4015,779.0013,763.3221,737.83954,7
6.2898726,6.197329,6.197329,6.22792,757.10144,749.6819,749.6819,752.29144,8
6.197329,6.8191843,6.481626,5.6216826,749.6819,777.93085,768.4015,661.6717,7
5.824933,5.528336,5.359642,5.645908,702.7006,638.026,585.9245,667.276,0
6.5474133,5.824933,5.9064775,5.93427,771.1848,702.7006,715.7357,719.78687,2
5.798377,5.798377,6.3528275,5.6216826,698.0637,698.0637,761.37836,661.6717,2
6.6477513,5.93427,5.93427,6.4490743,774.5054,719.78687,719.78687,766.8313,2
6.5474133,6.6477513,6.4167547,6.197329,771.1848,774.5054,765.139,749.6819,9
6.2898726,5.878988,5.77214,6.197329,757.10144,711.53735,693.2828,749.6819,5
6.3212266,5.878988,5.878988,6.197329,759.3054,711.53735,711.53735,749.6819,5
6.9955344,5.878988,5.720644,6.681627,779.0013,711.53735,683.2939,775.3944,8
6.4490743,6.077623,6.1369367,5.824933,766.8313,737.83954,744.0445,702.7006,9
6.048381,6.2587695,6.048381,6.167,734.52106,754.7641,734.52106,746.9334,9
5.93427,6.107143,5.645908,6.048381,719.78687,741.01355,667.276,734.52106,7
5.798377,6.107143,6.481626,5.4199886,698.0637,741.01355,768.4015,606.07355,6
6.3846717,5.824933,5.695393,6.2898726,763.3221,702.7006,678.0901,757.10144,8
6.048381,6.22792,6.3528275,5.851805,734.52106,752.29144,761.37836,707.19226,5
5.824933,6.197329,5.77214,5.9907455,702.7006,749.6819,693.2828,727.4474,7
6.22792,6.4167547,6.167,6.2587695,752.29144,765.139,746.9334,754.7641,4
5.9907455,5.878988,5.77214,5.645908,727.4474,711.53735,693.2828,667.276,3
6.3212266,6.614089,6.01942,5.851805,759.3054,773.5091,731.0573,707.19226,9
5.878988,5.695393,5.3403306,5.798377,711.53735,678.0901,579.0908,698.0637,8
6.4490743,5.93427,5.720644,6.077623,766.8313,719.78687,683.2939,737.83954,6
6.3212266,6.481626,6.3212266,5.93427,759.3054,768.4015,759.3054,719.78687,2
5.321429,6.3846717,6.167,5.440893,572.2129,763.3221,746.9334,612.6458,3
5.6704793,6.9955344,5.878988,5.379359,672.74994,779.0013,711.53735,592.7051,7
6.167,5.3403306,5.4621844,5.5511303,746.9334,579.0908,619.13385,644.1131,2
5.9623604,6.9955344,6.167,6.077623,723.6907,779.0013,746.9334,737.83954,7
5.9907455,6.959889,6.1369367,5.720644,727.4474,778.9601,744.0445,683.2939,7
5.9907455,6.3212266,6.614089,6.2587695,727.4474,759.3054,773.5091,754.7641,9
6.71571,6.5474133,6.514407,6.514407,776.1789,771.1848,769.85187,769.85187,3
6.6477513,5.528336,5.77214,6.01942,774.5054,638.026,693.2828,731.0573,2
6.22792,6.1369367,6.107143,6.22792,752.29144,744.0445,741.01355,752.29144,0
6.959889,6.22792,6.2898726,6.784492,778.9601,752.29144,757.10144,777.4445,1
6.3846717,6.3212266,6.3528275,5.851805,763.3221,759.3054,761.37836,707.19226,4
6.3846717,5.720644,6.1369367,5.359642,763.3221,683.2939,744.0445,585.9245,6
6.4167547,6.481626,6.2898726,5.9907455,765.139,768.4015,757.10144,727.4474,2
6.9955344,6.784492,6.3528275,6.4167547,779.0013,777.4445,761.37836,765.139,1
6.3846717,5.9623604,5.720644,5.4621844,763.3221,723.6907,683.2939,619.13385,4
5.9623604,5.5978084,5.528336,5.798377,723.6907,655.9404,638.026,698.0637,0
5.9623604,6.4490743,6.1369367,5.6704793,723.6907,766.8313,744.0445,672.74994,7
5.9623604,6.167,6.01942,6.077623,723.6907,746.9334,731.0573,737.83954,3
6.514407,5.77214,5.798377,6.167,769.85187,693.2828,698.0637,746.9334,0
6.3212266,6.048381,5.695393,6.4490743,759.3054,734.52106,678.0901,766.8313,7
5.878988,5.9623604,6.514407,5.7462277,711.53735,723.6907,769.85187,688.3587,6
6.197329,5.5059104,5.77214,5.9623604,749.6819,631.8301,693.2828,723.6907,4
6.197329,6.01942,6.4167547,5.93427,749.6819,731.0573,765.139,719.78687,6
6.614089,6.4167547,6.4167547,6.5474133,773.5091,765.139,765.139,771.1848,9
6.01942,6.048381,6.681627,5.6704793,731.0573,734.52106,775.3944,672.74994,6
6.3528275,6.197329,6.01942,6.107143,761.37836,749.6819,731.0573,741.01355,8
6.22792,6.4490743,6.2898726,5.9064775,752.29144,766.8313,757.10144,715.7357,3
6.681627,5.440893,5.57429,5.9064775,775.3944,612.6458,650.08606,715.7357,2
6.077623,5.851805,5.851805,5.9064775,737.83954,707.19226,707.19226,715.7357,8
6.22792,5.851805,5.93427,5.7462277,752.29144,707.19226,719.78687,688.3587,7
5.93427,6.514407,6.71571,5.5978084,719.78687,769.85187,776.1789,655.9404,3
6.197329,5.878988,5.798377,6.01942,749.6819,711.53735,698.0637,731.0573,0
6.3528275,6.2587695,6.481626,5.9907455,761.37836,754.7641,768.4015,727.4474,4
6.4490743,6.6477513,6.22792,6.1369367,766.8313,774.5054,752.29144,744.0445,9
5.645908,5.798377,5.720644,5.798377,667.276,698.0637,683.2939,698.0637,5
6.3846717,5.645908,5.4838586,5.93427,763.3221,667.276,625.5307,719.78687,0
6.2587695,6.01942,5.93427,6.4167547,754.7641,731.0573,719.78687,765.139,7
6.2587695,6.784492,6.4167547,6.3528275,754.7641,777.4445,765.139,761.37836,7
6.8891554,6.197329,5.93427,6.5474133,778.6235,749.6819,719.78687,771.1848,2
6.514407,6.5474133,6.01942,6.2587695,769.85187,771.1848,731.0573,754.7641,5
6.2898726,5.77214,5.5059104,6.197329,757.10144,693.2828,631.8301,749.6819,8
6.077623,5.851805,6.01942,5.720644,737.83954,707.19226,731.0573,683.2939,0
6.6477513,6.614089,6.22792,6.167,774.5054,773.5091,752.29144,746.9334,3
6.167,6.5806417,6.4167547,5.93427,746.9334,772.40314,765.139,719.78687,4
6.107143,5.824933,5.878988,6.2587695,741.01355,702.7006,711.53735,754.7641,4
6.959889,5.9064775,5.851805,6.71571,778.9601,715.7357,707.19226,776.1789,1
6.1369367,5.824933,5.77214,6.01942,744.0445,702.7006,693.2828,731.0573,8
6.4167547,5.77214,5.5978084,5.851805,765.139,693.2828,655.9404,707.19226,3
6.854073,6.3528275,6.167,6.3846717,778.32294,761.37836,746.9334,763.3221,1
5.824933,5.9907455,5.798377,5.77214,702.7006,727.4474,698.0637,693.2828,3
6.681627,6.5474133,6.4167547,6.4167547,775.3944,771.1848,765.139,765.139,2
6.3212266,5.93427,5.3994756,5.824933,759.3054,719.78687,599.4241,702.7006,3
6.3212266,6.197329,5.93427,6.167,759.3054,749.6819,719.78687,746.9334,3
6.2898726,5.798377,5.9907455,5.9064775,757.10144,698.0637,727.4474,715.7357,6
5.9623604,6.167,6.681627,5.695393,723.6907,746.9334,775.3944,678.0901,8
6.048381,5.720644,5.6704793,5.851805,734.52106,683.2939,672.74994,707.19226,9
6.3212266,5.851805,6.01942,6.3212266,759.3054,707.19226,731.0573,759.3054,9
6.4167547,6.854073,6.4490743,6.2898726,765.139,778.32294,766.8313,757.10144,9
6.784492,6.3212266,6.614089,6.5806417,777.4445,759.3054,773.5091,772.40314,6
5.9907455,5.6216826,5.851805,5.359642,727.4474,661.6717,707.19226,585.9245,6
6.8191843,5.695393,5.798377,6.71571,777.93085,678.0901,698.0637,776.1789,1
6.077623,6.077623,6.01942,5.77214,737.83954,737.83954,731.0573,693.2828,4
6.614089,6.2898726,6.3528275,6.4490743,773.5091,757.10144,761.37836,766.8313,8
6.077623,6.2587695,6.2587695,6.167,737.83954,754.7641,754.7641,746.9334,5
6.8191843,6.4167547,6.077623,6.5806417,777.93085,765.139,737.83954,772.40314,3
6.107143,6.4167547,6.077623,5.878988,741.01355,765.139,737.83954,711.53735,3
6.107143,6.6477513,6.2898726,6.3528275,741.01355,774.5054,757.10144,761.37836,9
5.9907455,6.077623,6.048381,5.93427,727.4474,737.83954,734.52106,719.78687,5
6.3846717,5.695393,5.878988,6.22792,763.3221,678.0901,711.53735,752.29144,0
6.9955344,6.4167547,6.22792,6.75,779.0013,765.139,752.29144,776.8614,1
6.2587695,5.645908,5.528336,6.1369367,754.7641,667.276,638.026,744.0445,8
6.9955344,6.048381,5.645908,6.2898726,779.0013,734.52106,667.276,757.10144,5
6.514407,5.9064775,6.048381,6.681627,769.85187,715.7357,734.52106,775.3944,5
6.4167547,6.077623,5.798377,6.107143,765.139,737.83954,698.0637,741.01355,3
5.4621844,5.9907455,6.167,5.4621844,619.13385,727.4474,746.9334,619.13385,0
5.7462277,5.695393,5.695393,5.321429,688.3587,678.0901,678.0901,572.2129,3
6.2587695,6.107143,5.93427,5.798377,754.7641,741.01355,719.78687,698.0637,3
6.1369367,6.107143,6.4167547,5.645908,744.0445,741.01355,765.139,667.276,4
6.959889,6.1369367,6.077623,6.854073,778.9601,744.0445,737.83954,778.32294,1
5.824933,6.9955344,6.71571,5.440893,702.7006,779.0013,776.1789,612.6458,3
6.197329,6.1369367,6.1369367,6.3528275,749.6819,744.0445,744.0445,761.37836,0
6.3846717,5.9907455,6.3846717,6.514407,763.3221,727.4474,763.3221,769.85187,6
5.851805,6.01942,5.4838586,5.720644,707.19226,731.0573,625.5307,683.2939,3
6.514407,5.695393,5.824933,6.167,769.85187,678.0901,702.7006,746.9334,2
5.6704793,5.25,5.2332096,5.57429,672.74994,544.44824,537.4945,650.08606,0
6.077623,5.878988,6.01942,5.93427,737.83954,711.53735,731.0573,719.78687,5
6.8191843,6.048381,6.01942,6.3528275,777.93085,734.52106,731.0573,761.37836,2
6.481626,6.4167547,6.3846717,6.01942,768.4015,765.139,763.3221,731.0573,4
5.720644,5.851805,6.514407,5.4838586,683.2939,707.19226,769.85187,625.5307,6
6.924428,6.077623,6.1369367,6.8891554,778.835,737.83954,744.0445,778.6235,1
6.481626,6.197329,6.167,6.22792,768.4015,749.6819,746.9334,752.29144,5
6.924428,6.077623,5.9623604,6.71571,778.835,737.83954,723.6907,776.1789,1
6.22792,5.645908,6.077623,5.878988,752.29144,667.276,737.83954,711.53735,6
6.924428,6.048381,5.9064775,6.6477513,778.835,734.52106,715.7357,774.5054,1
6.9955344,5.9907455,5.9064775,6.854073,779.0013,727.4474,715.7357,778.32294,1
6.167,5.9064775,6.048381,5.9623604,746.9334,715.7357,734.52106,723.6907,2
6.3528275,6.167,5.798377,6.1369367,761.37836,746.9334,698.0637,744.0445,3
6.614089,6.1369367,6.197329,6.3212266,773.5091,744.0445,749.6819,759.3054,2
5.824933,6.2898726,6.2898726,5.695393,702.7006,757.10144,757.10144,678.0901,4
6.2587695,5.824933,5.798377,6.167,754.7641,702.7006,698.0637,746.9334,0
6.9955344,5.6216826,5.695393,6.681627,779.0013,661.6717,678.0901,775.3944,1
6.514407,6.8191843,6.2587695,6.197329,769.85187,777.93085,754.7641,749.6819,9
6.4167547,6.2587695,6.3212266,6.197329,765.139,754.7641,759.3054,749.6819,4
6.2587695,6.107143,6.22792,6.077623,754.7641,741.01355,752.29144,737.83954,4
6.2587695,6.3212266,6.197329,6.2587695,754.7641,759.3054,749.6819,754.7641,3
6.2587695,6.2898726,6.107143,5.798377,754.7641,757.10144,741.01355,698.0637,1
6.75,5.7462277,5.6216826,6.3212266,776.8614,688.3587,661.6717,759.3054,3
6.3846717,6.71571,6.4490743,6.077623,763.3221,776.1789,766.8313,737.83954,9
6.22792,5.645908,5.9623604,5.7462277,752.29144,667.276,723.6907,688.3587,2
6.048381,5.3994756,5.440893,5.824933,734.52106,599.4241,612.6458,702.7006,2
6.5806417,6.167,6.3212266,6.3846717,772.40314,746.9334,759.3054,763.3221,5
6.2898726,6.4490743,6.5806417,5.798377,757.10144,766.8313,772.40314,698.0637,6
6.077623,5.720644,5.878988,5.77214,737.83954,683.2939,711.53735,693.2828,4
6.107143,5.440893,5.57429,5.9623604,741.01355,612.6458,650.08606,723.6907,0
6.8191843,6.2898726,6.167,6.3528275,777.93085,757.10144,746.9334,761.37836,1
6.4167547,6.2587695,6.3846717,5.9907455,765.139,754.7641,763.3221,727.4474,4
6.197329,6.3528275,5.878988,6.167,749.6819,761.37836,711.53735,746.9334,9
6.077623,6.048381,6.1369367,5.6216826,737.83954,734.52106,744.0445,661.6717,4
6.22792,5.93427,5.9623604,6.197329,752.29144,719.78687,723.6907,749.6819,0
6.22792,6.5806417,6.197329,5.824933,752.29144,772.40314,749.6819,702.7006,9
6.22792,6.197329,6.01942,5.6704793,752.29144,749.6819,731.0573,672.74994,3
6.4490743,6.6477513,6.4167547,6.3528275,766.8313,774.5054,765.139,761.37836,7
5.9064775,6.4490743,6.3528275,6.01942,715.7357,766.8313,761.37836,731.0573,5
6.681627,5.93427,6.3212266,6.514407,775.3944,719.78687,759.3054,769.85187,4
6.71571,6.3846717,6.3846717,6.71571,776.1789,763.3221,763.3221,776.1789,5
6.924428,5.695393,5.824933,6.2898726,778.835,678.0901,702.7006,757.10144,2
6.924428,6.3528275,6.1369367,6.6477513,778.835,761.37836,744.0445,774.5054,1
6.01942,6.481626,6.22792,5.9623604,731.0573,768.4015,752.29144,723.6907,7
6.077623,5.57429,5.57429,5.6704793,737.83954,650.08606,650.08606,672.74994,0
6.6477513,6.197329,6.2587695,6.4167547,774.5054,749.6819,754.7641,765.139,5
6.2898726,5.9907455,5.93427,6.1369367,757.10144,727.4474,719.78687,744.0445,9
6.167,6.614089,6.3212266,6.2898726,746.9334,773.5091,759.3054,757.10144,9
6.3212266,5.824933,6.167,6.077623,759.3054,702.7006,746.9334,737.83954,6
6.3212266,6.854073,6.2587695,6.107143,759.3054,778.32294,754.7641,741.01355,7
6.4167547,6.75,6.5474133,6.107143,765.139,776.8614,771.1848,741.01355,9
6.481626,6.681627,6.514407,6.167,768.4015,775.3944,769.85187,746.9334,9
6.22792,6.22792,6.048381,5.9064775,752.29144,752.29144,734.52106,715.7357,2
6.3846717,5.6704793,5.6216826,5.5059104,763.3221,672.74994,661.6717,631.8301,2
6.167,6.3846717,6.01942,6.077623,746.9334,763.3221,731.0573,737.83954,4
6.048381,6.2898726,6.01942,5.359642,734.52106,757.10144,731.0573,585.9245,7
6.6477513,6.22792,5.93427,6.22792,774.5054,752.29144,719.78687,752.29144,3
5.7462277,5.6704793,5.6704793,5.798377,688.3587,672.74994,672.74994,698.0637,0
6.048381,5.798377,5.645908,5.9623604,734.52106,698.0637,667.276,723.6907,0
6.4490743,6.01942,6.1369367,6.1369367,766.8313,731.0573,744.0445,744.0445,8
6.71571,6.481626,6.5806417,6.2898726,776.1789,768.4015,772.40314,757.10144,6
5.57429,6.3528275,6.4167547,5.798377,650.08606,761.37836,765.139,698.0637,5
6.107143,6.5806417,6.3846717,5.824933,741.01355,772.40314,763.3221,702.7006,5
6.5474133,6.2898726,6.077623,6.107143,771.1848,757.10144,737.83954,741.01355,2
6.681627,5.7462277,5.4621844,6.01942,775.3944,688.3587,619.13385,731.0573,3
6.784492,6.2898726,6.4167547,6.22792,777.4445,757.10144,765.139,752.29144,6
6.5474133,5.5059104,5.359642,6.197329,771.1848,631.8301,585.9245,749.6819,3
6.3212266,6.3212266,6.2898726,5.93427,759.3054,759.3054,757.10144,719.78687,4
6.9955344,5.9623604,5.878988,6.71571,779.0013,723.6907,711.53735,776.1789,1
6.71571,6.5474133,6.4490743,6.614089,776.1789,771.1848,766.8313,773.5091,1
5.9623604,6.077623,6.75,5.4838586,723.6907,737.83954,776.8614,625.5307,6
5.878988,5.4838586,5.4621844,5.77214,711.53735,625.5307,619.13385,693.2828,0
6.3846717,6.9955344,6.3212266,5.798377,763.3221,779.0013,759.3054,698.0637,7
5.9064775,6.1369367,5.851805,5.93427,715.7357,744.0445,707.19226,719.78687,7
6.22792,5.93427,6.22792,5.798377,752.29144,719.78687,752.29144,698.0637,6
6.107143,6.048381,5.93427,5.5978084,741.01355,734.52106,719.78687,655.9404,9
6.048381,5.798377,5.878988,6.01942,734.52106,698.0637,711.53735,731.0573,0
5.878988,6.481626,6.107143,6.048381,711.53735,768.4015,741.01355,734.52106,3
6.3528275,6.197329,6.01942,6.4167547,761.37836,749.6819,731.0573,765.139,7
6.22792,5.695393,5.851805,5.9623604,752.29144,678.0901,707.19226,723.6907,5
6.167,5.645908,5.720644,5.9907455,746.9334,667.276,683.2939,727.4474,0
6.3528275,6.3528275,6.784492,5.878988,761.37836,761.37836,777.4445,711.53735,6
6.4490743,5.93427,5.9064775,5.9064775,766.8313,719.78687,715.7357,715.7357,2
6.6477513,6.107143,6.22792,6.22792,774.5054,741.01355,752.29144,752.29144,6
6.3846717,6.481626,6.107143,6.2587695,763.3221,768.4015,741.01355,754.7641,3
6.2587695,5.528336,5.528336,5.9907455,754.7641,638.026,638.026,727.4474,0
6.2898726,5.645908,5.5978084,5.9623604,757.10144,667.276,655.9404,723.6907,0
6.481626,6.22792,6.107143,6.481626,768.4015,752.29144,741.01355,768.4015,8
6.8891554,6.167,5.9064775,6.5806417,778.6235,746.9334,715.7357,772.40314,3
6.5474133,6.077623,5.851805,6.048381,771.1848,737.83954,707.19226,734.52106,1
6.4167547,5.93427,6.197329,5.6704793,765.139,719.78687,749.6819,672.74994,2
6.3528275,6.2898726,6.167,6.514407,761.37836,757.10144,746.9334,769.85187,7
6.197329,5.7462277,5.645908,6.077623,749.6819,688.3587,667.276,737.83954,8
5.824933,5.824933,6.01942,5.6216826,702.7006,702.7006,731.0573,661.6717,0
5.9064775,5.645908,6.107143,5.4621844,715.7357,667.276,741.01355,619.13385,6
6.5474133,6.4490743,6.3212266,5.93427,771.1848,766.8313,759.3054,719.78687,4
6.514407,6.2587695,6.107143,6.22792,769.85187,754.7641,741.01355,752.29144,9
6.784492,6.5806417,6.3528275,6.481626,777.4445,772.40314,761.37836,768.4015,3
6.959889,6.048381,6.107143,6.8891554,778.9601,734.52106,741.01355,778.6235,1
6.2898726,5.528336,5.798377,6.4167547,757.10144,638.026,698.0637,765.139,8
6.959889,6.1369367,6.107143,6.854073,778.9601,744.0445,741.01355,778.32294,1
5.5059104,5.720644,5.57429,5.77214,631.8301,683.2939,650.08606,693.2828,8
6.077623,6.048381,6.197329,5.824933,737.83954,734.52106,749.6819,702.7006,2
6.75,5.9623604,5.9064775,5.9623604,776.8614,723.6907,715.7357,723.6907,2
6.75,6.6477513,6.167,6.077623,776.8614,774.5054,746.9334,737.83954,1
6.481626,6.9955344,6.71571,6.107143,768.4015,779.0013,776.1789,741.01355,1
6.514407,6.4167547,6.514407,6.3846717,769.85187,765.139,769.85187,763.3221,6
6.5474133,6.854073,6.4490743,6.048381,771.1848,778.32294,766.8313,734.52106,1
6.4490743,6.514407,6.4490743,5.77214,766.8313,769.85187,766.8313,693.2828,4
6.107143,5.720644,5.6704793,5.77214,741.01355,683.2939,672.74994,693.2828,0
6.614089,6.4490743,6.2587695,6.3528275,773.5091,766.8313,754.7641,761.37836,4
5.77214,6.71571,6.8191843,5.645908,693.2828,776.1789,777.93085,667.276,3
6.8891554,5.359642,5.3994756,6.107143,778.6235,585.9245,599.4241,741.01355,2
6.048381,6.01942,6.167,5.4199886,734.52106,731.0573,746.9334,606.07355,7
6.4167547,6.3528275,5.7462277,5.695393,765.139,761.37836,688.3587,678.0901,4
5.93427,6.5474133,6.614089,5.9623604,719.78687,771.1848,773.5091,723.6907,5
6.3846717,6.1369367,6.167,6.3528275,763.3221,744.0445,746.9334,761.37836,2
6.4167547,6.3528275,5.878988,6.481626,765.139,761.37836,711.53735,768.4015,9
6.6477513,5.6704793,6.01942,6.167,774.5054,672.74994,731.0573,746.9334,6
6.4167547,6.71571,6.2898726,6.3528275,765.139,776.1789,757.10144,761.37836,9
6.4490743,6.514407,6.2587695,5.9623604,766.8313,769.85187,754.7641,723.6907,4
6.2898726,6.2898726,6.197329,6.107143,757.10144,757.10144,749.6819,741.01355,3
6.4490743,6.3212266,6.22792,5.93427,766.8313,759.3054,752.29144,719.78687,2
6.6477513,6.01942,6.3212266,6.077623,774.5054,731.0573,759.3054,737.83954,6
6.614089,6.2587695,6.2587695,6.514407,773.5091,754.7641,754.7641,769.85187,5
6.481626,5.9907455,5.93427,6.4490743,768.4015,727.4474,719.78687,766.8313,9
6.4167547,6.048381,6.2587695,5.9064775,765.139,734.52106,754.7641,715.7357,2
6.2587695,6.167,6.048381,6.3528275,754.7641,746.9334,734.52106,761.37836,0
6.22792,6.75,6.5474133,6.048381,752.29144,776.8614,771.1848,734.52106,7
5.798377,6.9955344,6.01942,5.5511303,698.0637,779.0013,731.0573,644.1131,7
5.878988,5.128079,5.2168536,5.695393,711.53735,489.9254,530.55725,678.0901,0
6.197329,6.077623,5.878988,5.93427,749.6819,737.83954,711.53735,719.78687,8
6.3846717,6.924428,6.514407,5.824933,763.3221,778.835,769.85187,702.7006,1
6.681627,6.5806417,6.077623,6.2898726,775.3944,772.40314,737.83954,757.10144,3
6.3846717,5.4621844,5.5978084,5.851805,763.3221,619.13385,655.9404,707.19226,2
5.9907455,6.9955344,6.1369367,5.9623604,727.4474,779.0013,744.0445,723.6907,9
6.481626,5.720644,5.798377,6.2587695,768.4015,683.2939,698.0637,754.7641,0
6.481626,5.9907455,6.1369367,6.167,768.4015,727.4474,744.0445,746.9334,6
6.22792,5.9623604,6.107143,6.4490743,752.29144,723.6907,741.01355,766.8313,8
6.3212266,6.22792,6.077623,6.3846717,759.3054,752.29144,737.83954,763.3221,9
5.824933,6.048381,6.5474133,5.878988,702.7006,734.52106,771.1848,711.53735,9
6.614089,5.645908,5.528336,6.2898726,773.5091,667.276,638.026,757.10144,8
6.077623,6.107143,5.878988,5.878988,737.83954,741.01355,711.53735,711.53735,0
5.798377,6.3212266,6.4167547,5.6216826,698.0637,759.3054,765.139,661.6717,3
6.22792,6.4490743,6.1369367,6.2898726,752.29144,766.8313,744.0445,757.10144,7
6.3212266,6.3846717,5.798377,6.107143,759.3054,763.3221,698.0637,741.01355,1
6.9955344,6.614089,6.3212266,6.614089,779.0013,773.5091,759.3054,773.5091,1
6.2898726,6.1369367,5.93427,6.107143,757.10144,744.0445,719.78687,741.01355,6
6.22792,6.2587695,6.481626,6.077623,752.29144,754.7641,768.4015,737.83954,5
6.481626,5.878988,5.4199886,6.107143,768.4015,711.53735,606.07355,741.01355,3
6.614089,6.481626,6.3528275,5.9623604,773.5091,768.4015,761.37836,723.6907,9
6.4490743,5.77214,5.824933,6.4167547,766.8313,693.2828,702.7006,765.139,1
5.824933,6.4490743,6.3528275,5.720644,702.7006,766.8313,761.37836,683.2939,4
5.645908,5.93427,5.720644,5.695393,667.276,719.78687,683.2939,678.0901,3
6.3846717,6.6477513,6.1369367,6.01942,763.3221,774.5054,744.0445,731.0573,7
5.9623604,6.048381,6.107143,5.379359,723.6907,734.52106,741.01355,592.7051,4
6.2898726,5.9907455,6.22792,6.167,757.10144,727.4474,752.29144,746.9334,5
6.3528275,6.4490743,6.2898726,6.514407,761.37836,766.8313,757.10144,769.85187,7
6.5474133,6.481626,6.197329,6.5806417,771.1848,768.4015,749.6819,772.40314,7
5.93427,6.22792,6.8891554,5.3994756,719.78687,752.29144,778.6235,599.4241,6
6.048381,6.197329,6.077623,6.01942,734.52106,749.6819,737.83954,731.0573,5
6.481626,5.9623604,6.2898726,5.7462277,768.4015,723.6907,757.10144,688.3587,2
6.3846717,6.048381,5.9907455,6.107143,763.3221,734.52106,727.4474,741.01355,0
6.9955344,6.2898726,6.2898726,6.8891554,779.0013,757.10144,757.10144,778.6235,1
5.440893,5.9623604,5.720644,5.720644,612.6458,723.6907,683.2939,683.2939,5
6.5474133,6.4167547,6.784492,6.3528275,771.1848,765.139,777.4445,761.37836,2
6.107143,6.4490743,5.9907455,5.57429,741.01355,766.8313,727.4474,650.08606,7
5.9064775,6.3212266,6.048381,5.6704793,715.7357,759.3054,734.52106,672.74994,3
6.614089,5.9907455,6.4167547,6.048381,773.5091,727.4474,765.139,734.52106,6
6.5474133,6.2898726,6.3846717,6.197329,771.1848,757.10144,763.3221,749.6819,4
6.4490743,5.878988,5.77214,6.2587695,766.8313,711.53735,693.2828,754.7641,0
6.4167547,5.798377,6.01942,5.824933,765.139,698.0637,731.0573,702.7006,4
6.959889,6.107143,5.93427,6.784492,778.9601,741.01355,719.78687,777.4445,1
5.9064775,6.6477513,6.4167547,5.7462277,715.7357,774.5054,765.139,688.3587,8
6.4167547,6.01942,6.01942,6.197329,765.139,731.0573,731.0573,749.6819,8
6.167,6.5474133,6.22792,6.2898726,746.9334,771.1848,752.29144,757.10144,3
5.645908,6.167,5.720644,5.798377,667.276,746.9334,683.2939,698.0637,3
6.3212266,6.2898726,6.197329,6.197329,759.3054,757.10144,749.6819,749.6819,8
6.9955344,6.107143,6.077623,6.3528275,779.0013,741.01355,737.83954,761.37836,2
6.6477513,5.4838586,5.5511303,6.077623,774.5054,625.5307,644.1131,737.83954,2
6.2587695,5.645908,5.6216826,6.077623,754.7641,667.276,661.6717,737.83954,8
6.077623,5.93427,5.93427,5.851805,737.83954,719.78687,719.78687,707.19226,6
6.048381,5.141741,5.6704793,5.359642,734.52106,496.51962,672.74994,585.9245,2
6.197329,6.2587695,6.048381,5.77214,749.6819,754.7641,734.52106,693.2828,4
6.959889,6.167,6.107143,6.75,778.9601,746.9334,741.01355,776.8614,1
6.197329,5.720644,5.878988,6.3846717,749.6819,683.2939,711.53735,763.3221,4
6.75,6.048381,6.1369367,6.924428,776.8614,734.52106,744.0445,778.835,7
6.481626,6.681627,6.197329,6.1369367,768.4015,775.3944,749.6819,744.0445,9
6.5474133,5.851805,6.22792,5.9907455,771.1848,707.19226,752.29144,727.4474,6
6.481626,6.6477513,6.4490743,6.197329,768.4015,774.5054,766.8313,749.6819,9
6.9955344,5.9907455,5.9064775,6.784492,779.0013,727.4474,715.7357,777.4445,1
5.9623604,6.167,5.93427,5.77214,723.6907,746.9334,719.78687,693.2828,5
6.784492,5.7462277,5.9907455,5.93427,777.4445,688.3587,727.4474,719.78687,2
6.3528275,5.5511303,5.528336,6.481626,761.37836,644.1131,638.026,768.4015,8
6.2587695,6.924428,6.924428,6.22792,754.7641,778.835,778.835,752.29144,1
6.784492,6.959889,6.614089,6.2587695,777.4445,778.9601,773.5091,754.7641,1
6.3846717,5.93427,5.720644,6.681627,763.3221,719.78687,683.2939,775.3944,7
6.197329,6.22792,6.197329,5.878988,749.6819,752.29144,749.6819,711.53735,2
6.5474133,6.5806417,6.784492,6.197329,771.1848,772.40314,777.4445,749.6819,5
6.3528275,6.3212266,6.3846717,6.3212266,761.37836,759.3054,763.3221,759.3054,1
6.614089,6.2587695,6.048381,6.1369367,773.5091,754.7641,734.52106,744.0445,2
6.514407,6.01942,6.107143,6.048381,769.85187,731.0573,741.01355,734.52106,2
6.3528275,6.854073,6.8191843,6.1369367,761.37836,778.32294,777.93085,744.0445,1
5.9064775,6.5474133,6.048381,5.798377,715.7357,771.1848,734.52106,698.0637,4
6.1369367,5.851805,5.824933,6.2587695,744.0445,707.19226,702.7006,754.7641,0
5.6216826,6.1369367,5.7462277,5.7462277,661.6717,744.0445,688.3587,688.3587,5
6.3528275,6.01942,6.107143,6.167,761.37836,731.0573,741.01355,746.9334,0
6.167,6.077623,5.878988,6.3846717,746.9334,737.83954,711.53735,763.3221,7
6.75,6.107143,6.197329,6.167,776.8614,741.01355,749.6819,746.9334,6
6.3846717,5.878988,5.720644,6.3212266,763.3221,711.53735,683.2939,759.3054,8
6.01942,6.1369367,6.22792,6.01942,731.0573,744.0445,752.29144,731.0573,5
6.2587695,6.048381,5.9907455,6.01942,754.7641,734.52106,727.4474,731.0573,3
6.3846717,5.57429,5.440893,6.167,763.3221,650.08606,612.6458,746.9334,3
6.22792,6.01942,6.167,5.798377,752.29144,731.0573,746.9334,698.0637,2
6.3528275,6.107143,5.9623604,5.7462277,761.37836,741.01355,723.6907,688.3587,3
6.854073,6.01942,6.167,6.2587695,778.32294,731.0573,746.9334,754.7641,2
6.9955344,6.4167547,6.3528275,6.924428,779.0013,765.139,761.37836,778.835,1
6.71571,6.048381,6.077623,6.681627,776.1789,734.52106,737.83954,775.3944,8
6.3528275,5.57429,5.57429,6.077623,761.37836,650.08606,650.08606,737.83954,0
6.4490743,6.681627,6.22792,6.077623,766.8313,775.3944,752.29144,737.83954,7
6.854073,6.481626,6.2898726,6.614089,778.32294,768.4015,757.10144,773.5091,0
6.614089,5.93427,6.2898726,5.9064775,773.5091,719.78687,757.10144,715.7357,6
6.3846717,5.878988,6.4167547,6.3846717,763.3221,711.53735,765.139,763.3221,2
6.854073,5.798377,5.798377,6.71571,778.32294,698.0637,698.0637,776.1789,8
6.01942,5.695393,6.167,5.5059104,731.0573,678.0901,746.9334,631.8301,6
6.077623,6.2587695,6.107143,6.077623,737.83954,754.7641,741.01355,737.83954,5
6.2587695,6.2587695,6.167,5.824933,754.7641,754.7641,746.9334,702.7006,2
6.1369367,6.2898726,6.077623,6.197329,744.0445,757.10144,737.83954,749.6819,9
6.3528275,6.167,5.9623604,6.2898726,761.37836,746.9334,723.6907,757.10144,7
6.959889,6.077623,5.9907455,6.8191843,778.9601,737.83954,727.4474,777.93085,1
6.197329,5.851805,6.01942,6.077623,749.6819,707.19226,731.0573,737.83954,8
6.22792,6.3212266,6.22792,6.197329,752.29144,759.3054,752.29144,749.6819,5
6.4490743,6.6477513,6.3528275,6.4167547,766.8313,774.5054,761.37836,765.139,7
6.3528275,5.878988,5.9623604,6.2898726,761.37836,711.53735,723.6907,757.10144,0
6.4490743,5.9623604,5.878988,5.9623604,766.8313,723.6907,711.53735,723.6907,2
6.2587695,5.4838586,5.4838586,6.3846717,754.7641,625.5307,625.5307,763.3221,2
5.93427,5.9064775,6.077623,6.048381,719.78687,715.7357,737.83954,734.52106,6
6.3212266,6.4490743,6.2898726,6.167,759.3054,766.8313,757.10144,746.9334,3
6.2587695,6.4167547,5.9907455,6.4490743,754.7641,765.139,727.4474,766.8313,9
6.2898726,6.9955344,6.197329,5.878988,757.10144,779.0013,749.6819,711.53735,7
6.9955344,6.9955344,6.681627,6.614089,779.0013,779.0013,775.3944,773.5091,1
5.9907455,6.3212266,6.048381,6.01942,727.4474,759.3054,734.52106,731.0573,8
6.3528275,6.1369367,6.22792,6.2898726,761.37836,744.0445,752.29144,757.10144,5
6.9955344,6.4167547,6.4167547,6.8191843,779.0013,765.139,765.139,777.93085,1
6.959889,5.93427,5.93427,6.6477513,778.9601,719.78687,719.78687,774.5054,1
6.3212266,6.3528275,6.048381,6.3846717,759.3054,761.37836,734.52106,763.3221,7
6.4167547,6.1369367,6.2898726,6.167,765.139,744.0445,757.10144,746.9334,4
6.5806417,6.3528275,6.22792,6.3528275,772.40314,761.37836,752.29144,761.37836,7
6.4167547,6.22792,6.077623,6.514407,765.139,752.29144,737.83954,769.85187,7
6.5474133,5.9064775,5.798377,6.167,771.1848,715.7357,698.0637,746.9334,0
6.5806417,6.5474133,6.4490743,6.107143,772.40314,771.1848,766.8313,741.01355,4
5.9623604,5.528336,5.200937,5.5059104,723.6907,638.026,523.6476,631.8301,3
6.9955344,6.514407,6.481626,6.8891554,779.0013,769.85187,768.4015,778.6235,1
6.077623,6.3528275,6.197329,6.197329,737.83954,761.37836,749.6819,749.6819,5
6.197329,6.2587695,6.4490743,6.1369367,749.6819,754.7641,766.8313,744.0445,6
6.4167547,6.197329,6.3212266,6.6477513,765.139,749.6819,759.3054,774.5054,8
6.9955344,6.167,6.1369367,6.784492,779.0013,746.9334,744.0445,777.4445,1
6.5806417,6.22792,6.2898726,6.2898726,772.40314,752.29144,757.10144,757.10144,6
6.2587695,6.481626,6.22792,6.107143,754.7641,768.4015,752.29144,741.01355,3
6.3212266,5.878988,5.9064775,6.167,759.3054,711.53735,715.7357,746.9334,0
6.481626,6.4167547,6.5474133,6.514407,768.4015,765.139,771.1848,769.85187,6
6.197329,6.197329,6.2898726,5.720644,749.6819,749.6819,757.10144,683.2939,4
6.9955344,6.1369367,6.1369367,6.854073,779.0013,744.0445,744.0445,778.32294,1
6.5806417,5.9064775,6.048381,6.4490743,772.40314,715.7357,734.52106,766.8313,4
5.9064775,5.5511303,5.6216826,5.824933,715.7357,644.1131,661.6717,702.7006,0
6.3846717,6.514407,6.048381,5.9907455,763.3221,769.85187,734.52106,727.4474,9
6.514407,6.481626,6.1369367,6.481626,769.85187,768.4015,744.0445,768.4015,7
6.9955344,5.9623604,5.93427,6.71571,779.0013,723.6907,719.78687,776.1789,1
6.9955344,6.614089,6.3528275,6.71571,779.0013,773.5091,761.37836,776.1789,1
5.878988,5.798377,6.167,5.528336,711.53735,698.0637,746.9334,638.026,6
5.851805,5.6216826,5.9623604,5.2848697,707.19226,661.6717,723.6907,558.3614,3
6.614089,6.3528275,6.107143,6.5806417,773.5091,761.37836,741.01355,772.40314,5
5.9623604,5.9064775,6.1369367,5.851805,723.6907,715.7357,744.0445,707.19226,0
6.4490743,6.2898726,5.9623604,6.3528275,766.8313,757.10144,723.6907,761.37836,7
6.048381,5.93427,6.01942,5.695393,734.52106,719.78687,731.0573,678.0901,2
6.614089,6.6477513,6.514407,6.197329,773.5091,774.5054,769.85187,749.6819,4
6.681627,6.6477513,6.2587695,5.9907455,775.3944,774.5054,754.7641,727.4474,1
6.514407,6.1369367,5.798377,6.048381,769.85187,744.0445,698.0637,734.52106,3
6.3846717,6.22792,6.514407,5.878988,763.3221,752.29144,769.85187,711.53735,4
6.3846717,6.2587695,6.048381,6.4167547,763.3221,754.7641,734.52106,765.139,9
6.4167547,5.93427,5.7462277,5.9907455,765.139,719.78687,688.3587,727.4474,3
6.514407,6.5474133,6.6477513,6.3528275,769.85187,771.1848,774.5054,761.37836,5
6.3846717,6.71571,6.4167547,6.514407,763.3221,776.1789,765.139,769.85187,7
6.3528275,6.681627,6.514407,6.197329,761.37836,775.3944,769.85187,749.6819,4
6.2587695,5.645908,5.9623604,5.6216826,754.7641,667.276,723.6907,661.6717,2
6.3846717,6.481626,6.3528275,6.107143,763.3221,768.4015,761.37836,741.01355,9
5.9907455,6.3528275,6.22792,5.440893,727.4474,761.37836,752.29144,612.6458,9
6.514407,5.7462277,5.824933,6.197329,769.85187,688.3587,702.7006,749.6819,0
6.784492,6.3528275,6.5474133,6.4490743,777.4445,761.37836,771.1848,766.8313,6
6.71571,6.6477513,6.3212266,6.2898726,776.1789,774.5054,759.3054,757.10144,1
6.2898726,5.824933,6.048381,5.798377,757.10144,702.7006,734.52106,698.0637,2
6.197329,6.3212266,6.481626,5.9623604,749.6819,759.3054,768.4015,723.6907,6
6.048381,5.93427,5.851805,5.824933,734.52106,719.78687,707.19226,702.7006,8
6.4167547,6.854073,6.784492,6.3528275,765.139,778.32294,777.4445,761.37836,1
6.681627,5.9623604,6.2898726,5.9907455,775.3944,723.6907,757.10144,727.4474,6
6.1369367,6.514407,6.4490743,6.1369367,744.0445,769.85187,766.8313,744.0445,8
6.107143,6.1369367,5.9064775,5.798377,741.01355,744.0445,715.7357,698.0637,8
6.3528275,5.77214,5.851805,6.01942,761.37836,693.2828,707.19226,731.0573,0
5.9907455,6.2587695,6.4490743,5.93427,727.4474,754.7641,766.8313,719.78687,0
6.9955344,6.01942,5.851805,6.71571,779.0013,731.0573,707.19226,776.1789,1
6.3846717,6.5474133,6.3528275,6.2898726,763.3221,771.1848,761.37836,757.10144,3
5.9907455,5.9064775,6.01942,6.01942,727.4474,715.7357,731.0573,731.0573,5
6.9955344,6.107143,5.93427,6.6477513,779.0013,741.01355,719.78687,774.5054,1
6.2587695,6.9955344,6.481626,6.2587695,754.7641,779.0013,768.4015,754.7641,7
6.107143,6.3528275,6.4490743,5.6216826,741.01355,761.37836,766.8313,661.6717,4
6.614089,5.798377,5.878988,6.077623,773.5091,698.0637,711.53735,737.83954,2
6.5806417,6.5474133,6.481626,6.4490743,772.40314,771.1848,768.4015,766.8313,1
5.5059104,5.93427,5.6704793,5.5978084,631.8301,719.78687,672.74994,655.9404,5
5.9907455,6.4490743,5.93427,5.695393,727.4474,766.8313,719.78687,678.0901,8
6.959889,6.107143,6.1369367,6.8891554,778.9601,741.01355,744.0445,778.6235,1
5.9623604,6.167,6.3212266,5.7462277,723.6907,746.9334,759.3054,688.3587,5
6.481626,6.481626,6.514407,6.1369367,768.4015,768.4015,769.85187,744.0445,4
6.4167547,6.3528275,6.3212266,6.3212266,765.139,761.37836,759.3054,759.3054,8
6.8891554,6.167,6.2898726,6.481626,778.6235,746.9334,757.10144,768.4015,6
5.695393,5.851805,6.2587695,5.7462277,678.0901,707.19226,754.7641,688.3587,6
6.077623,5.9623604,6.077623,5.851805,737.83954,723.6907,737.83954,707.19226,6
6.1369367,6.22792,5.798377,6.077623,744.0445,752.29144,698.0637,737.83954,9
6.3846717,6.3846717,6.22792,5.9064775,763.3221,763.3221,752.29144,715.7357,3
6.514407,6.959889,6.71571,6.4490743,769.85187,778.9601,776.1789,766.8313,3
6.6477513,6.4167547,6.2898726,6.1369367,774.5054,765.139,757.10144,744.0445,4
6.5474133,5.9623604,6.3212266,6.01942,771.1848,723.6907,759.3054,731.0573,6
6.75,6.2587695,6.22792,6.197329,776.8614,754.7641,752.29144,749.6819,4
6.481626,6.75,6.481626,6.3212266,768.4015,776.8614,768.4015,759.3054,3
6.75,6.197329,6.2587695,6.4167547,776.8614,749.6819,754.7641,765.139,5
6.3212266,5.5511303,5.4199886,6.1369367,759.3054,644.1131,606.07355,744.0445,2
6.854073,5.720644,5.695393,6.167,778.32294,683.2939,678.0901,746.9334,2
6.784492,5.528336,5.6216826,6.681627,777.4445,638.026,661.6717,775.3944,1
6.481626,6.3846717,6.01942,6.167,768.4015,763.3221,731.0573,746.9334,3
6.048381,5.720644,5.720644,6.048381,734.52106,683.2939,683.2939,734.52106,8
6.3846717,6.481626,5.878988,5.9064775,763.3221,768.4015,711.53735,715.7357,7
6.4490743,6.6477513,6.107143,5.9623604,766.8313,774.5054,741.01355,723.6907,1
6.3212266,6.2898726,6.22792,6.167,759.3054,757.10144,752.29144,746.9334,0
6.197329,5.2672215,5.5511303,5.5511303,749.6819,551.4075,644.1131,644.1131,2
5.878988,6.1369367,6.3846717,5.440893,711.53735,744.0445,763.3221,612.6458,6
5.9064775,5.851805,5.4621844,5.720644,715.7357,707.19226,619.13385,683.2939,8
6.22792,6.048381,6.048381,5.93427,752.29144,734.52106,734.52106,719.78687,9
6.614089,6.3846717,6.3528275,6.5806417,773.5091,763.3221,761.37836,772.40314,1
6.167,6.3846717,5.9064775,6.01942,746.9334,763.3221,715.7357,731.0573,7
6.3212266,5.798377,5.695393,6.22792,759.3054,698.0637,678.0901,752.29144,9
6.3846717,6.077623,6.107143,5.6704793,763.3221,737.83954,741.01355,672.74994,4
5.77214,6.167,5.824933,5.77214,693.2828,746.9334,702.7006,693.2828,5
6.71571,6.107143,6.4490743,6.5806417,776.1789,741.01355,766.8313,772.40314,5
6.3528275,6.2587695,6.167,5.7462277,761.37836,754.7641,746.9334,688.3587,7
6.4490743,5.824933,5.9064775,6.2587695,766.8313,702.7006,715.7357,754.7641,9
6.1369367,6.01942,6.048381,5.798377,744.0445,731.0573,734.52106,698.0637,2
5.824933,6.01942,5.9064775,5.321429,702.7006,731.0573,715.7357,572.2129,9
6.3528275,5.798377,6.3528275,5.9623604,761.37836,698.0637,761.37836,723.6907,6
6.9955344,6.22792,6.197329,6.854073,779.0013,752.29144,749.6819,778.32294,1
6.22792,6.75,6.3212266,5.93427,752.29144,776.8614,759.3054,719.78687,9
6.2587695,6.71571,6.4167547,6.077623,754.7641,776.1789,765.139,737.83954,7
6.197329,5.77214,5.9623604,6.048381,749.6819,693.2828,723.6907,734.52106,0
